activity_id,activity_name,destination,type,duration,price_npr,season,tags,description
A0001,Cooking Class - Machhermo,Machhermo,Relaxation,5 hrs,9100,Summer,culture; relaxation; wildlife; offbeat,"A thrilling cooking class in Machhermo, ideal for families."
A0002,Bird Watching - Chukhung,Chukhung,Wildlife,5 hrs,3600,Autumn,photography; local-experience; offbeat; wildlife,"A immersive bird watching in Chukhung, ideal for solo travelers."
A0003,Jungle Safari - Pilot Baba Ashram,Pilot Baba Ashram,Boat Ride,3 hrs,9600,All Year,adventure; wildlife; offbeat,"A thrilling jungle safari in Pilot Baba Ashram, ideal for families."
A0004,Paragliding - Singhabahini temple,Singhabahini temple,Photo Tour,1 hrs,11900,Summer,offbeat; heritage,"A immersive paragliding in Singhabahini temple, ideal for adventure seekers."
A0005,Hiking - Latarambeshwor,Latarambeshwor,Boat Ride,6 hrs,14600,Spring,offbeat; wildlife; culture,"A thrilling hiking in Latarambeshwor, ideal for couples."
A0006,Rafting - Kongde ri,Kongde ri,Photo Tour,6 hrs,12900,Summer,trekking; wildlife,"A immersive rafting in Kongde ri, ideal for adventure seekers."
A0007,Cultural Tour - Thamel,Thamel,Boat Ride,6 hrs,9400,Winter,heritage; adventure; culture,"A thrilling cultural tour in Thamel, ideal for adventure seekers."
A0008,Cycling - Jaljala,Jaljala,Workshop,8 hrs,5300,Winter,offbeat; wildlife; culture,"A thrilling cycling in Jaljala, ideal for adventure seekers."
A0009,Rafting - Mahamanjushree Temple,Mahamanjushree Temple,Photo Tour,1 hrs,8700,All Year,food; offbeat; trekking,"A relaxing rafting in Mahamanjushree Temple, ideal for solo travelers."
A0010,Temple Visit - Khangchendzonga national park,Khangchendzonga national park,Sightseeing,1 hrs,9700,Autumn,offbeat; food; local-experience; relaxation,"A relaxing temple visit in Khangchendzonga national park, ideal for solo travelers."
A0011,Rafting - Daman ,Daman ,Cultural,1 hrs,13400,Spring,offbeat; heritage; photography; relaxation,"A guided rafting in Daman , ideal for solo travelers."
A0012,Temple Visit - Jamunkhadi Wetland,Jamunkhadi Wetland,Cultural,1 hrs,3700,All Year,photography; heritage; adventure,"A relaxing temple visit in Jamunkhadi Wetland, ideal for solo travelers."
A0013,Rafting - Narayani River Canoeing,Narayani River Canoeing,Photo Tour,8 hrs,1000,Autumn,wildlife; heritage; relaxation; trekking,"A guided rafting in Narayani River Canoeing, ideal for solo travelers."
A0014,Rafting - Tehrathum,Tehrathum,Photo Tour,3 hrs,8600,All Year,relaxation; food; photography; adventure,"A thrilling rafting in Tehrathum, ideal for couples."
A0015,Cooking Class - Gandaki,Gandaki,Sightseeing,1 hrs,10400,All Year,adventure; local-experience,"A thrilling cooking class in Gandaki, ideal for adventure seekers."
A0016,Hiking - Surma Sarovar Lake,Surma Sarovar Lake,Festival Tour,4 hrs,11000,Winter,food; offbeat; local-experience; trekking,"A relaxing hiking in Surma Sarovar Lake, ideal for solo travelers."
A0017,Cultural Tour - Darchula,Darchula,Wildlife,2 hrs,10800,Winter,wildlife; relaxation; offbeat,"A thrilling cultural tour in Darchula, ideal for families."
A0018,Paragliding - Baudhanath stupa,Baudhanath stupa,Workshop,2 hrs,13400,Summer,culture; wildlife,"A guided paragliding in Baudhanath stupa, ideal for couples."
A0019,Cultural Tour - Hanumandhoka palace,Hanumandhoka palace,Wildlife,4 hrs,14000,Summer,heritage; food; photography; culture,"A guided cultural tour in Hanumandhoka palace, ideal for families."
A0020,Cycling - Rani pokhari,Rani pokhari,Adventure,8 hrs,7000,All Year,food; local-experience; photography,"A thrilling cycling in Rani pokhari, ideal for couples."
A0021,"Jungle Safari - mugu (village, cycling, etc.)","mugu (village, cycling, etc.)",Boat Ride,5 hrs,13300,Spring,local-experience; relaxation,"A thrilling jungle safari in mugu (village, cycling, etc.), ideal for families."
A0022,Cycling - Palpa,Palpa,Adventure,6 hrs,2900,All Year,relaxation; adventure; photography; offbeat,"A guided cycling in Palpa, ideal for couples."
A0023,Cycling - IIlam,IIlam,Adventure,5 hrs,9400,Summer,relaxation; offbeat; wildlife,"A immersive cycling in IIlam, ideal for adventure seekers."
A0024,Rafting - Tikapur Park & Karnali Riverside,Tikapur Park & Karnali Riverside,Relaxation,4 hrs,5300,All Year,relaxation; adventure,"A guided rafting in Tikapur Park & Karnali Riverside, ideal for families."
A0025,Bird Watching -  Vata Mandir, Vata Mandir,Relaxation,1 hrs,8100,Winter,offbeat; relaxation,"A immersive bird watching in Vata Mandir, ideal for families."
A0026,Zipline - Argeli Palace,Argeli Palace,Boat Ride,2 hrs,4800,Summer,wildlife; relaxation; trekking,"A relaxing zipline in Argeli Palace, ideal for families."
A0027,Jungle Safari - Baraha Chhetra,Baraha Chhetra,Wildlife,2 hrs,4900,Summer,food; trekking; heritage,"A relaxing jungle safari in Baraha Chhetra, ideal for adventure seekers."
A0028,Rafting - The Royal Botanical Gardens,The Royal Botanical Gardens,Boat Ride,3 hrs,3900,Spring,heritage; food,"A immersive rafting in The Royal Botanical Gardens, ideal for couples."
A0029,Hiking - Vhairabsthan Temple,Vhairabsthan Temple,Adventure,4 hrs,10900,Summer,wildlife; local-experience; food,"A immersive hiking in Vhairabsthan Temple, ideal for couples."
A0030,Rafting - Chandikalika Temple,Chandikalika Temple,Workshop,3 hrs,14500,Spring,local-experience; photography,"A immersive rafting in Chandikalika Temple, ideal for adventure seekers."
A0031,Cooking Class - Dolakha Bhimsen temple,Dolakha Bhimsen temple,Trekking,8 hrs,3500,Winter,offbeat; food; heritage; local-experience,"A relaxing cooking class in Dolakha Bhimsen temple, ideal for adventure seekers."
A0032,Cultural Tour - Maulipokhara,Maulipokhara,Cultural,3 hrs,15000,Spring,adventure; culture; offbeat; trekking,"A thrilling cultural tour in Maulipokhara, ideal for couples."
A0033,Hiking - Chhapru Mahadev,Chhapru Mahadev,Photo Tour,6 hrs,8200,Winter,adventure; offbeat,"A thrilling hiking in Chhapru Mahadev, ideal for families."
A0034,Rafting - Devi's Fall,Devi's Fall,Photo Tour,8 hrs,6500,All Year,culture; offbeat; local-experience; food,"A relaxing rafting in Devi's Fall, ideal for couples."
A0035,"Rafting - Bijauri, Chillikot","Bijauri, Chillikot",Cultural,5 hrs,5700,Spring,wildlife; relaxation; local-experience; trekking,"A guided rafting in Bijauri, Chillikot, ideal for adventure seekers."
A0036,Rafting - Lamjung,Lamjung,Adventure,8 hrs,9200,Winter,culture; relaxation,"A guided rafting in Lamjung, ideal for couples."
A0037,Paragliding - Latarambeshwor,Latarambeshwor,Photo Tour,3 hrs,7700,Autumn,culture; heritage; trekking,"A guided paragliding in Latarambeshwor, ideal for solo travelers."
A0038,Cycling - Dattatraya and pottery Square,Dattatraya and pottery Square,Relaxation,1 hrs,4600,All Year,trekking; culture; heritage,"A thrilling cycling in Dattatraya and pottery Square, ideal for families."
A0039,Jungle Safari - Pindeshwor temple,Pindeshwor temple,Adventure,5 hrs,7400,Summer,heritage; wildlife,"A thrilling jungle safari in Pindeshwor temple, ideal for couples."
A0040,Cultural Tour - Guerilla Trek,Guerilla Trek,Workshop,6 hrs,9400,Summer,adventure; local-experience; heritage; trekking,"A guided cultural tour in Guerilla Trek, ideal for families."
A0041,Hiking - Sabha Pokhari,Sabha Pokhari,Sightseeing,1 hrs,10800,Summer,offbeat; local-experience,"A immersive hiking in Sabha Pokhari, ideal for adventure seekers."
A0042,"Paragliding - Bungee Jump, Sky Cycling And Adventure Swing in Parbat","Bungee Jump, Sky Cycling And Adventure Swing in Parbat",Relaxation,6 hrs,3300,Winter,photography; culture; heritage; food,"A relaxing paragliding in Bungee Jump, Sky Cycling And Adventure Swing in Parbat, ideal for solo travelers."
A0043,Paragliding - Kalamasi,Kalamasi,Cultural,4 hrs,5800,Winter,food; culture; photography; trekking,"A guided paragliding in Kalamasi, ideal for solo travelers."
A0044,Paragliding - Hari Shanker Temple,Hari Shanker Temple,Cultural,2 hrs,1600,All Year,heritage; food,"A immersive paragliding in Hari Shanker Temple, ideal for couples."
A0045,Cycling - Jagadishpur,Jagadishpur,Workshop,1 hrs,1900,Winter,photography; adventure,"A thrilling cycling in Jagadishpur, ideal for solo travelers."
A0046,Rafting - Dudhpokhari,Dudhpokhari,Cultural,5 hrs,12700,All Year,offbeat; trekking,"A thrilling rafting in Dudhpokhari, ideal for solo travelers."
A0047,Rafting - Mahashila,Mahashila,Adventure,1 hrs,13000,All Year,trekking; wildlife,"A relaxing rafting in Mahashila, ideal for families."
A0048,Jungle Safari - Sindhupalchowk,Sindhupalchowk,Boat Ride,4 hrs,5300,All Year,culture; offbeat,"A relaxing jungle safari in Sindhupalchowk, ideal for families."
A0049,Temple Visit - Jagat,Jagat,Wildlife,3 hrs,11200,Winter,offbeat; local-experience,"A immersive temple visit in Jagat, ideal for solo travelers."
A0050,Zipline - Himalchuli Mountain,Himalchuli Mountain,Workshop,2 hrs,9500,Spring,relaxation; wildlife,"A relaxing zipline in Himalchuli Mountain, ideal for adventure seekers."
A0051,Cultural Tour - Mustang/Myagdi,Mustang/Myagdi,Photo Tour,4 hrs,7200,All Year,wildlife; culture,"A guided cultural tour in Mustang/Myagdi, ideal for solo travelers."
A0052,Cycling - Bandipur,Bandipur,Workshop,1 hrs,1100,Spring,culture; relaxation,"A guided cycling in Bandipur, ideal for solo travelers."
A0053,Cultural Tour - Jumla,Jumla,Photo Tour,6 hrs,7900,All Year,food; trekking; wildlife,"A thrilling cultural tour in Jumla, ideal for solo travelers."
A0054,Zipline - Mul Dhoka,Mul Dhoka,Trekking,1 hrs,8700,Winter,adventure; local-experience; trekking,"A thrilling zipline in Mul Dhoka, ideal for families."
A0055,Boating - Ramechaap/Dolakha,Ramechaap/Dolakha,Relaxation,8 hrs,14800,All Year,heritage; trekking,"A thrilling boating in Ramechaap/Dolakha, ideal for solo travelers."
A0056,"Cultural Tour - Bhedetar, dhankuta","Bhedetar, dhankuta",Adventure,6 hrs,13100,Summer,wildlife; adventure,"A immersive cultural tour in Bhedetar, dhankuta, ideal for adventure seekers."
A0057,Temple Visit - Gadhi Mai Temple Forest Area,Gadhi Mai Temple Forest Area,Festival Tour,3 hrs,9500,All Year,adventure; culture; offbeat,"A relaxing temple visit in Gadhi Mai Temple Forest Area, ideal for solo travelers."
A0058,Cycling - Lalitpur,Lalitpur,Workshop,5 hrs,3900,Spring,heritage; photography,"A relaxing cycling in Lalitpur, ideal for adventure seekers."
A0059,Jungle Safari - Taumadhi Square,Taumadhi Square,Workshop,3 hrs,6800,Spring,food; trekking,"A relaxing jungle safari in Taumadhi Square, ideal for families."
A0060,Zipline - Taplejung,Taplejung,Wildlife,4 hrs,2300,Summer,trekking; heritage,"A guided zipline in Taplejung, ideal for adventure seekers."
A0061,Cycling - The White Monastery,The White Monastery,Adventure,6 hrs,5900,Winter,trekking; photography; wildlife,"A thrilling cycling in The White Monastery, ideal for adventure seekers."
A0062,Jungle Safari - The White Monastery,The White Monastery,Relaxation,8 hrs,12900,Summer,wildlife; photography; trekking,"A relaxing jungle safari in The White Monastery, ideal for solo travelers."
A0063,Bird Watching - Rani pokhari,Rani pokhari,Photo Tour,8 hrs,6800,Spring,local-experience; heritage; trekking,"A guided bird watching in Rani pokhari, ideal for couples."
A0064,Paragliding - Thalthapi Mai Bhagwati Temple,Thalthapi Mai Bhagwati Temple,Photo Tour,6 hrs,11900,Autumn,photography; food,"A relaxing paragliding in Thalthapi Mai Bhagwati Temple, ideal for solo travelers."
A0065,Paragliding - Gulmi,Gulmi,Festival Tour,4 hrs,2100,Spring,local-experience; adventure; food,"A guided paragliding in Gulmi, ideal for couples."
A0066,Cycling - Tharu Cultural Program,Tharu Cultural Program,Sightseeing,4 hrs,7100,Spring,adventure; food; trekking; culture,"A immersive cycling in Tharu Cultural Program, ideal for solo travelers."
A0067,Jungle Safari - Baudhanath stupa,Baudhanath stupa,Boat Ride,1 hrs,13200,Winter,heritage; adventure,"A guided jungle safari in Baudhanath stupa, ideal for solo travelers."
A0068,Cultural Tour - Parbat,Parbat,Sightseeing,8 hrs,10400,Summer,adventure; culture; food; photography,"A thrilling cultural tour in Parbat, ideal for adventure seekers."
A0069,Cooking Class - Central Zoo,Central Zoo,Adventure,6 hrs,14800,All Year,culture; photography,"A immersive cooking class in Central Zoo, ideal for families."
A0070,Temple Visit - Khaiharwa Pokhari,Khaiharwa Pokhari,Wildlife,3 hrs,12900,All Year,photography; offbeat,"A thrilling temple visit in Khaiharwa Pokhari, ideal for solo travelers."
A0071,Boating - Kamala River,Kamala River,Sightseeing,2 hrs,14800,Spring,heritage; trekking; local-experience; wildlife,"A immersive boating in Kamala River, ideal for couples."
A0072,Paragliding - Kaski,Kaski,Boat Ride,1 hrs,10500,Winter,heritage; local-experience; culture,"A immersive paragliding in Kaski, ideal for couples."
A0073,Boating - Kakre Bihar,Kakre Bihar,Wildlife,8 hrs,2600,Autumn,culture; offbeat; food,"A immersive boating in Kakre Bihar, ideal for families."
A0074,"Cultural Tour - Bishazari Tal (20,000 Lake)","Bishazari Tal (20,000 Lake)",Relaxation,3 hrs,3800,Autumn,wildlife; trekking; adventure,"A guided cultural tour in Bishazari Tal (20,000 Lake), ideal for solo travelers."
A0075,Boating - Purtighat,Purtighat,Trekking,4 hrs,12300,Spring,trekking; culture; adventure,"A immersive boating in Purtighat, ideal for couples."
A0076,Boating - Manakamana Temple,Manakamana Temple,Relaxation,6 hrs,9300,Summer,local-experience; offbeat; heritage; trekking,"A relaxing boating in Manakamana Temple, ideal for adventure seekers."
A0077,Cooking Class - Pilot Baba Ashram,Pilot Baba Ashram,Relaxation,2 hrs,13300,Winter,adventure; wildlife; photography,"A guided cooking class in Pilot Baba Ashram, ideal for solo travelers."
A0078,Cultural Tour - Ramechaap/Dolakha,Ramechaap/Dolakha,Wildlife,6 hrs,14700,Winter,wildlife; offbeat,"A relaxing cultural tour in Ramechaap/Dolakha, ideal for families."
A0079,Boating - Kudan,Kudan,Festival Tour,5 hrs,4200,Summer,photography; wildlife; trekking,"A thrilling boating in Kudan, ideal for adventure seekers."
A0080,"Cultural Tour - Fulbari , Siraha","Fulbari , Siraha",Cultural,3 hrs,12400,All Year,local-experience; relaxation,"A thrilling cultural tour in Fulbari , Siraha, ideal for couples."
A0081,Cultural Tour - Mul Dhoka,Mul Dhoka,Sightseeing,4 hrs,9100,Autumn,local-experience; offbeat,"A immersive cultural tour in Mul Dhoka, ideal for couples."
A0082,Zipline - Taudaha Lake,Taudaha Lake,Boat Ride,6 hrs,4700,All Year,heritage; photography; culture; local-experience,"A thrilling zipline in Taudaha Lake, ideal for solo travelers."
A0083,Bird Watching - Tansen City,Tansen City,Sightseeing,1 hrs,8800,Spring,offbeat; trekking; heritage,"A thrilling bird watching in Tansen City, ideal for adventure seekers."
A0084,Zipline - Sainamaina,Sainamaina,Cultural,6 hrs,5900,All Year,trekking; relaxation; offbeat; adventure,"A guided zipline in Sainamaina, ideal for families."
A0085,Temple Visit - IIlam,IIlam,Sightseeing,2 hrs,13500,Winter,offbeat; local-experience; adventure; photography,"A guided temple visit in IIlam, ideal for solo travelers."
A0086,Boating - Lamjung,Lamjung,Boat Ride,4 hrs,10500,Spring,photography; offbeat; relaxation,"A thrilling boating in Lamjung, ideal for solo travelers."
A0087,"Temple Visit - Sriyantuu, ilam","Sriyantuu, ilam",Wildlife,8 hrs,12300,Winter,food; offbeat,"A thrilling temple visit in Sriyantuu, ilam, ideal for solo travelers."
A0088,Cooking Class -  Hanuman Dhoka, Hanuman Dhoka,Cultural,4 hrs,14400,Winter,offbeat; food,"A thrilling cooking class in Hanuman Dhoka, ideal for couples."
A0089,Cooking Class - Karkineta( the source of Adhikhola River),Karkineta( the source of Adhikhola River),Wildlife,4 hrs,5400,All Year,offbeat; wildlife; trekking,"A guided cooking class in Karkineta( the source of Adhikhola River), ideal for adventure seekers."
A0090,Cycling - Kalamasi,Kalamasi,Trekking,1 hrs,8700,All Year,heritage; local-experience; offbeat,"A thrilling cycling in Kalamasi, ideal for families."
A0091,Cooking Class - Siraha,Siraha,Trekking,3 hrs,13000,Spring,relaxation; food; wildlife; trekking,"A thrilling cooking class in Siraha, ideal for families."
A0092,Cycling - Kaski,Kaski,Boat Ride,1 hrs,10200,All Year,offbeat; food; relaxation,"A thrilling cycling in Kaski, ideal for adventure seekers."
A0093,Zipline - IIlam,IIlam,Wildlife,1 hrs,7600,Autumn,adventure; wildlife; photography; trekking,"A immersive zipline in IIlam, ideal for solo travelers."
A0094,Cooking Class - Terhathum,Terhathum,Festival Tour,3 hrs,11700,Winter,relaxation; offbeat,"A thrilling cooking class in Terhathum, ideal for solo travelers."
A0095,Cultural Tour - Vivah Mandap,Vivah Mandap,Sightseeing,8 hrs,3400,All Year,local-experience; photography,"A immersive cultural tour in Vivah Mandap, ideal for adventure seekers."
A0096,"Boating - Urlabari, jhapa","Urlabari, jhapa",Festival Tour,1 hrs,14600,All Year,wildlife; adventure; offbeat,"A immersive boating in Urlabari, jhapa, ideal for adventure seekers."
A0097,Temple Visit - Hiledhap Wetland,Hiledhap Wetland,Trekking,3 hrs,5100,Spring,wildlife; local-experience,"A relaxing temple visit in Hiledhap Wetland, ideal for families."
A0098,Cycling - Sindhuli gadhi,Sindhuli gadhi,Relaxation,1 hrs,3900,Autumn,heritage; photography,"A immersive cycling in Sindhuli gadhi, ideal for solo travelers."
A0099,Zipline - Mathuradada,Mathuradada,Wildlife,5 hrs,9700,Autumn,relaxation; adventure; culture; heritage,"A relaxing zipline in Mathuradada, ideal for solo travelers."
A0100,Cultural Tour - Sindhupalchowk,Sindhupalchowk,Boat Ride,2 hrs,4300,Spring,culture; offbeat; adventure,"A guided cultural tour in Sindhupalchowk, ideal for families."
A0101,Jungle Safari - Baraha Kshetra,Baraha Kshetra,Relaxation,1 hrs,14100,All Year,heritage; culture,"A thrilling jungle safari in Baraha Kshetra, ideal for families."
A0102,Rafting - Kavre ,Kavre ,Sightseeing,1 hrs,3400,Spring,trekking; offbeat; wildlife; photography,"A thrilling rafting in Kavre , ideal for families."
A0103,Cooking Class - Nar Phu Valley Trek,Nar Phu Valley Trek,Festival Tour,5 hrs,9900,Winter,local-experience; trekking,"A thrilling cooking class in Nar Phu Valley Trek, ideal for families."
A0104,Paragliding - Manakamana Temple,Manakamana Temple,Cultural,5 hrs,6500,Autumn,wildlife; local-experience; adventure,"A relaxing paragliding in Manakamana Temple, ideal for couples."
A0105,Zipline - Gateway of Nepal (Shankaracharya Gate),Gateway of Nepal (Shankaracharya Gate),Workshop,2 hrs,12200,Spring,photography; food,"A relaxing zipline in Gateway of Nepal (Shankaracharya Gate), ideal for solo travelers."
A0106,Jungle Safari - Nagarkot,Nagarkot,Boat Ride,8 hrs,9000,Spring,culture; local-experience; wildlife,"A immersive jungle safari in Nagarkot, ideal for adventure seekers."
A0107,Paragliding - Jangchub Choeling Tibetan Monastery,Jangchub Choeling Tibetan Monastery,Boat Ride,1 hrs,9300,Summer,food; relaxation,"A immersive paragliding in Jangchub Choeling Tibetan Monastery, ideal for couples."
A0108,Bird Watching - Dang/Banke belt,Dang/Banke belt,Sightseeing,4 hrs,8400,Summer,culture; heritage,"A relaxing bird watching in Dang/Banke belt, ideal for families."
A0109,Cycling - Mechinagar,Mechinagar,Wildlife,6 hrs,3600,Summer,local-experience; culture; offbeat,"A guided cycling in Mechinagar, ideal for couples."
A0110,Jungle Safari - Lumbini Museum & Cultural Center,Lumbini Museum & Cultural Center,Photo Tour,6 hrs,5300,Spring,trekking; photography; offbeat,"A guided jungle safari in Lumbini Museum & Cultural Center, ideal for families."
A0111,Temple Visit - Baitadi,Baitadi,Boat Ride,6 hrs,13700,Winter,offbeat; relaxation; food; wildlife,"A guided temple visit in Baitadi, ideal for couples."
A0112,Cooking Class - Purkot,Purkot,Boat Ride,2 hrs,12600,Spring,relaxation; heritage,"A relaxing cooking class in Purkot, ideal for solo travelers."
A0113,Jungle Safari - Bhulbhule,Bhulbhule,Photo Tour,6 hrs,2300,Spring,adventure; wildlife; food,"A immersive jungle safari in Bhulbhule, ideal for solo travelers."
A0114,Zipline - Amayangri Hill ,Amayangri Hill ,Relaxation,5 hrs,3400,Spring,local-experience; heritage; offbeat; culture,"A guided zipline in Amayangri Hill , ideal for couples."
A0115,Cooking Class - Poon Hill,Poon Hill,Workshop,5 hrs,9700,All Year,adventure; offbeat; food; local-experience,"A guided cooking class in Poon Hill, ideal for adventure seekers."
A0116,Cycling - Chitwan,Chitwan,Wildlife,4 hrs,1900,Spring,local-experience; relaxation,"A guided cycling in Chitwan, ideal for couples."
A0117,Cooking Class - Gaukhureshor Mahadev Temple,Gaukhureshor Mahadev Temple,Festival Tour,6 hrs,10900,Summer,offbeat; heritage,"A guided cooking class in Gaukhureshor Mahadev Temple, ideal for couples."
A0118,Cultural Tour - Nuwakot Durbar,Nuwakot Durbar,Relaxation,5 hrs,2400,Summer,heritage; food; photography,"A immersive cultural tour in Nuwakot Durbar, ideal for families."
A0119,Zipline - Ghandruk,Ghandruk,Workshop,1 hrs,4200,Winter,offbeat; adventure; photography,"A thrilling zipline in Ghandruk, ideal for couples."
A0120,Boating - Shivalaya Temple,Shivalaya Temple,Relaxation,4 hrs,9900,Spring,trekking; offbeat; local-experience; photography,"A thrilling boating in Shivalaya Temple, ideal for families."
A0121,Jungle Safari - Mangal Bazaar,Mangal Bazaar,Workshop,3 hrs,5300,Spring,photography; adventure; heritage; offbeat,"A guided jungle safari in Mangal Bazaar, ideal for adventure seekers."
A0122,Cycling - Rara Lake,Rara Lake,Photo Tour,5 hrs,1500,Winter,offbeat; food; photography,"A thrilling cycling in Rara Lake, ideal for couples."
A0123,Rafting - Chhauni Museum,Chhauni Museum,Workshop,2 hrs,9600,Summer,photography; wildlife; relaxation; local-experience,"A relaxing rafting in Chhauni Museum, ideal for couples."
A0124,Jungle Safari - Kapilvastu,Kapilvastu,Photo Tour,8 hrs,14700,Autumn,relaxation; adventure; offbeat,"A guided jungle safari in Kapilvastu, ideal for solo travelers."
A0125,Jungle Safari - Banepa ,Banepa ,Workshop,6 hrs,3400,All Year,relaxation; culture; heritage,"A relaxing jungle safari in Banepa , ideal for adventure seekers."
A0126,Rafting - khumjung,khumjung,Trekking,8 hrs,8700,All Year,food; local-experience; photography,"A guided rafting in khumjung, ideal for couples."
A0127,Zipline - Lumbini,Lumbini,Wildlife,5 hrs,12600,All Year,adventure; local-experience,"A guided zipline in Lumbini, ideal for solo travelers."
A0128,Cycling - Ambikeshwari temple ,Ambikeshwari temple ,Sightseeing,3 hrs,14600,All Year,offbeat; adventure; trekking,"A guided cycling in Ambikeshwari temple , ideal for solo travelers."
A0129,Cultural Tour - Raja rani,Raja rani,Workshop,6 hrs,8600,Summer,photography; culture; trekking,"A immersive cultural tour in Raja rani, ideal for adventure seekers."
A0130,Cultural Tour - Gosaikunda,Gosaikunda,Trekking,3 hrs,7000,Summer,culture; wildlife,"A thrilling cultural tour in Gosaikunda, ideal for solo travelers."
A0131,Cycling - Kongde ri,Kongde ri,Wildlife,4 hrs,12100,Summer,adventure; trekking; wildlife; heritage,"A thrilling cycling in Kongde ri, ideal for adventure seekers."
A0132,Rafting - Patan,Patan,Cultural,5 hrs,5500,Spring,heritage; adventure; local-experience; food,"A immersive rafting in Patan, ideal for adventure seekers."
A0133,Temple Visit - Vimad,Vimad,Festival Tour,3 hrs,3300,Summer,wildlife; trekking; culture; relaxation,"A thrilling temple visit in Vimad, ideal for adventure seekers."
A0134,Jungle Safari - Rukmini Lake,Rukmini Lake,Workshop,2 hrs,4100,Winter,offbeat; food; trekking,"A relaxing jungle safari in Rukmini Lake, ideal for solo travelers."
A0135,Cultural Tour - Jyamrung Trek,Jyamrung Trek,Festival Tour,2 hrs,8000,Summer,relaxation; adventure; heritage,"A immersive cultural tour in Jyamrung Trek, ideal for families."
A0136,Bird Watching - Makwanpur,Makwanpur,Sightseeing,4 hrs,13100,Autumn,wildlife; photography; heritage,"A immersive bird watching in Makwanpur, ideal for families."
A0137,Zipline - Dattatraya and pottery Square,Dattatraya and pottery Square,Sightseeing,1 hrs,2300,Autumn,local-experience; food; relaxation,"A thrilling zipline in Dattatraya and pottery Square, ideal for solo travelers."
A0138,Temple Visit - Ghyampe Danda,Ghyampe Danda,Trekking,1 hrs,11000,Winter,culture; trekking; relaxation,"A relaxing temple visit in Ghyampe Danda, ideal for couples."
A0139,Boating - Dhading/Rasuwa,Dhading/Rasuwa,Workshop,8 hrs,11400,Spring,culture; heritage; local-experience,"A immersive boating in Dhading/Rasuwa, ideal for couples."
A0140,Cultural Tour - Chhauni Museum,Chhauni Museum,Photo Tour,6 hrs,7600,All Year,photography; food,"A immersive cultural tour in Chhauni Museum, ideal for couples."
A0141,Paragliding - Ghandruk,Ghandruk,Relaxation,6 hrs,5700,Summer,wildlife; adventure; food; culture,"A immersive paragliding in Ghandruk, ideal for families."
A0142,Cultural Tour - Khaiharwa Pokhari,Khaiharwa Pokhari,Wildlife,2 hrs,14200,Autumn,food; photography; heritage; trekking,"A immersive cultural tour in Khaiharwa Pokhari, ideal for solo travelers."
A0143,Zipline - Chisapani Kalika,Chisapani Kalika,Sightseeing,8 hrs,9300,Winter,culture; food,"A relaxing zipline in Chisapani Kalika, ideal for couples."
A0144,Zipline - Narayanhiti Palace,Narayanhiti Palace,Trekking,2 hrs,1500,Spring,offbeat; trekking; culture; local-experience,"A immersive zipline in Narayanhiti Palace, ideal for solo travelers."
A0145,Temple Visit - Birtamod,Birtamod,Wildlife,5 hrs,11900,All Year,wildlife; culture; photography,"A thrilling temple visit in Birtamod, ideal for families."
A0146,Temple Visit - Sukepokhari,Sukepokhari,Trekking,8 hrs,12600,Summer,trekking; offbeat,"A immersive temple visit in Sukepokhari, ideal for adventure seekers."
A0147,Temple Visit - Parsa,Parsa,Wildlife,2 hrs,12000,Autumn,trekking; relaxation; offbeat; heritage,"A guided temple visit in Parsa, ideal for solo travelers."
A0148,Cooking Class - Lalitpur,Lalitpur,Cultural,3 hrs,7000,All Year,trekking; photography; heritage,"A thrilling cooking class in Lalitpur, ideal for couples."
A0149,Boating - Chabahil Stupa,Chabahil Stupa,Cultural,6 hrs,11100,Autumn,food; offbeat; relaxation; adventure,"A thrilling boating in Chabahil Stupa, ideal for families."
A0150,Hiking - Latarambeshwor,Latarambeshwor,Festival Tour,4 hrs,10000,All Year,offbeat; adventure; local-experience; wildlife,"A guided hiking in Latarambeshwor, ideal for adventure seekers."
A0151,Rafting - Bhedetar & Namje Village,Bhedetar & Namje Village,Relaxation,3 hrs,4300,All Year,offbeat; wildlife,"A relaxing rafting in Bhedetar & Namje Village, ideal for couples."
A0152,Cycling - Dhankuta,Dhankuta,Cultural,2 hrs,3200,Winter,local-experience; food; wildlife; heritage,"A immersive cycling in Dhankuta, ideal for families."
A0153,Cycling - Gandaki,Gandaki,Festival Tour,8 hrs,8100,Winter,relaxation; offbeat; local-experience,"A immersive cycling in Gandaki, ideal for couples."
A0154,Boating - Garden Of Dreams,Garden Of Dreams,Adventure,6 hrs,13500,Autumn,heritage; adventure; trekking; culture,"A relaxing boating in Garden Of Dreams, ideal for solo travelers."
A0155,Cycling - Nigrodharam,Nigrodharam,Boat Ride,3 hrs,5100,Summer,culture; heritage; adventure,"A immersive cycling in Nigrodharam, ideal for couples."
A0156,Cycling - Gaurishankar conservation area,Gaurishankar conservation area,Wildlife,1 hrs,4700,Spring,culture; trekking; relaxation,"A relaxing cycling in Gaurishankar conservation area, ideal for adventure seekers."
A0157,Rafting - Bajura (Badimalika Temple),Bajura (Badimalika Temple),Workshop,5 hrs,6400,All Year,local-experience; wildlife,"A thrilling rafting in Bajura (Badimalika Temple), ideal for solo travelers."
A0158,Rafting - Gorakhnath Temple ,Gorakhnath Temple ,Photo Tour,1 hrs,9400,Spring,culture; food; photography,"A thrilling rafting in Gorakhnath Temple , ideal for adventure seekers."
A0159,Paragliding - Siraha,Siraha,Adventure,1 hrs,12700,Summer,relaxation; adventure; photography,"A guided paragliding in Siraha, ideal for adventure seekers."
A0160,Cultural Tour - Gupteswar Gupha,Gupteswar Gupha,Cultural,2 hrs,2200,Winter,adventure; culture; food,"A guided cultural tour in Gupteswar Gupha, ideal for adventure seekers."
A0161,Hiking - Tanahusur Durbar,Tanahusur Durbar,Workshop,8 hrs,11200,Spring,trekking; wildlife,"A guided hiking in Tanahusur Durbar, ideal for adventure seekers."
A0162,Rafting - Narayansthan,Narayansthan,Sightseeing,2 hrs,4000,Winter,food; relaxation; wildlife,"A thrilling rafting in Narayansthan, ideal for adventure seekers."
A0163,Hiking - IIlam,IIlam,Workshop,4 hrs,12400,Summer,relaxation; food; culture,"A immersive hiking in IIlam, ideal for solo travelers."
A0164,Rafting - Jhilmila lake,Jhilmila lake,Wildlife,4 hrs,3300,Spring,photography; heritage; trekking; offbeat,"A guided rafting in Jhilmila lake, ideal for families."
A0165,Cycling - Kulekhani Dam,Kulekhani Dam,Trekking,4 hrs,3000,Summer,wildlife; offbeat; relaxation,"A guided cycling in Kulekhani Dam, ideal for adventure seekers."
A0166,Paragliding - Gupteswar Gupha,Gupteswar Gupha,Cultural,5 hrs,2900,Spring,culture; local-experience; food; trekking,"A guided paragliding in Gupteswar Gupha, ideal for adventure seekers."
A0167,Cooking Class - Mugu/Bardiya Stretch,Mugu/Bardiya Stretch,Wildlife,5 hrs,3000,All Year,culture; heritage,"A relaxing cooking class in Mugu/Bardiya Stretch, ideal for couples."
A0168,Jungle Safari - Himalchuli Mountain,Himalchuli Mountain,Wildlife,4 hrs,8600,Winter,heritage; offbeat; relaxation; wildlife,"A relaxing jungle safari in Himalchuli Mountain, ideal for solo travelers."
A0169,Zipline - Olangchung Gola,Olangchung Gola,Adventure,3 hrs,3700,Summer,adventure; offbeat; food; local-experience,"A relaxing zipline in Olangchung Gola, ideal for couples."
A0170,Temple Visit - Kaligandaki River,Kaligandaki River,Relaxation,8 hrs,13400,Winter,offbeat; photography; food; heritage,"A thrilling temple visit in Kaligandaki River, ideal for solo travelers."
A0171,Paragliding - Saptari,Saptari,Wildlife,2 hrs,3800,Spring,trekking; adventure; offbeat; heritage,"A relaxing paragliding in Saptari, ideal for couples."
A0172,Bird Watching - Sundarijal Waterfall,Sundarijal Waterfall,Adventure,2 hrs,3200,Winter,wildlife; heritage; food,"A thrilling bird watching in Sundarijal Waterfall, ideal for solo travelers."
A0173,Cycling - Gyachung kang,Gyachung kang,Relaxation,4 hrs,13000,Spring,offbeat; trekking; local-experience,"A guided cycling in Gyachung kang, ideal for families."
A0174,Paragliding - Annapurna Sanctuary Trek,Annapurna Sanctuary Trek,Adventure,1 hrs,12000,Summer,offbeat; local-experience; relaxation,"A guided paragliding in Annapurna Sanctuary Trek, ideal for couples."
A0175,Bird Watching - Sedibeni Shaligram Shila,Sedibeni Shaligram Shila,Photo Tour,5 hrs,13400,Autumn,adventure; local-experience; offbeat; trekking,"A immersive bird watching in Sedibeni Shaligram Shila, ideal for families."
A0176,Rafting - Beni Bazaar,Beni Bazaar,Workshop,4 hrs,13100,Spring,offbeat; photography; heritage,"A thrilling rafting in Beni Bazaar, ideal for solo travelers."
A0177,Hiking - Jungle Walk,Jungle Walk,Photo Tour,4 hrs,9800,Summer,local-experience; trekking,"A immersive hiking in Jungle Walk, ideal for couples."
A0178,Cooking Class - Bhairavsthan Temple,Bhairavsthan Temple,Trekking,6 hrs,10900,Summer,photography; heritage; wildlife; relaxation,"A immersive cooking class in Bhairavsthan Temple, ideal for families."
A0179,Cycling - Thodung Monastery,Thodung Monastery,Cultural,2 hrs,5400,Autumn,offbeat; heritage,"A guided cycling in Thodung Monastery, ideal for couples."
A0180,Hiking - Amayangri Hill ,Amayangri Hill ,Wildlife,2 hrs,2200,Spring,relaxation; photography; wildlife,"A thrilling hiking in Amayangri Hill , ideal for families."
A0181,Temple Visit - Bishazari Tal,Bishazari Tal,Sightseeing,1 hrs,6800,Spring,trekking; heritage; relaxation; wildlife,"A thrilling temple visit in Bishazari Tal, ideal for adventure seekers."
A0182,Bird Watching - Chainpur,Chainpur,Photo Tour,5 hrs,3600,Spring,heritage; culture; local-experience,"A thrilling bird watching in Chainpur, ideal for families."
A0183,"Jungle Safari - Ranipokhari, chitwan","Ranipokhari, chitwan",Festival Tour,2 hrs,4000,Autumn,wildlife; relaxation; heritage,"A guided jungle safari in Ranipokhari, chitwan, ideal for families."
A0184,Rafting - Siraha,Siraha,Workshop,3 hrs,9500,Autumn,trekking; heritage,"A thrilling rafting in Siraha, ideal for solo travelers."
A0185,Boating - Purtighat,Purtighat,Workshop,3 hrs,13900,Autumn,relaxation; photography,"A immersive boating in Purtighat, ideal for solo travelers."
A0186,Bird Watching - Rising Ranipokhari,Rising Ranipokhari,Festival Tour,4 hrs,6800,Autumn,food; offbeat; heritage,"A immersive bird watching in Rising Ranipokhari, ideal for families."
A0187,Cultural Tour - Ghyampe Danda,Ghyampe Danda,Sightseeing,8 hrs,1200,All Year,culture; photography,"A guided cultural tour in Ghyampe Danda, ideal for solo travelers."
A0188,Paragliding - Jhilmila lake,Jhilmila lake,Workshop,4 hrs,1900,Autumn,adventure; local-experience; relaxation; trekking,"A immersive paragliding in Jhilmila lake, ideal for adventure seekers."
A0189,"Paragliding - Fulbari , Siraha","Fulbari , Siraha",Trekking,8 hrs,8100,All Year,wildlife; food; heritage; photography,"A guided paragliding in Fulbari , Siraha, ideal for adventure seekers."
A0190,Temple Visit - Devisthan Temple,Devisthan Temple,Sightseeing,8 hrs,6000,Winter,adventure; local-experience,"A guided temple visit in Devisthan Temple, ideal for solo travelers."
A0191,Bird Watching - Beshi Sahar,Beshi Sahar,Wildlife,3 hrs,6400,Spring,local-experience; relaxation; photography; food,"A thrilling bird watching in Beshi Sahar, ideal for families."
A0192,Zipline - Kanchenjunga,Kanchenjunga,Adventure,3 hrs,7100,Winter,food; local-experience; culture; photography,"A immersive zipline in Kanchenjunga, ideal for adventure seekers."
A0193,Bird Watching - Mini mountain,Mini mountain,Adventure,3 hrs,4100,Spring,culture; heritage; relaxation; local-experience,"A guided bird watching in Mini mountain, ideal for adventure seekers."
A0194,Zipline - Gorkha Memorial Museum,Gorkha Memorial Museum,Relaxation,5 hrs,14600,All Year,photography; relaxation,"A relaxing zipline in Gorkha Memorial Museum, ideal for couples."
A0195,Hiking - Beshi Sahar,Beshi Sahar,Wildlife,1 hrs,9300,All Year,trekking; photography; heritage; adventure,"A guided hiking in Beshi Sahar, ideal for couples."
A0196,Jungle Safari - Nuwakot ,Nuwakot ,Sightseeing,1 hrs,11800,Autumn,trekking; heritage; culture,"A guided jungle safari in Nuwakot , ideal for couples."
A0197,Zipline - Ugratara Temple,Ugratara Temple,Festival Tour,4 hrs,11800,Summer,heritage; food; wildlife; culture,"A relaxing zipline in Ugratara Temple, ideal for couples."
A0198,Cultural Tour - Gaurishankar conservation area,Gaurishankar conservation area,Boat Ride,6 hrs,14100,All Year,trekking; heritage,"A thrilling cultural tour in Gaurishankar conservation area, ideal for solo travelers."
A0199,Boating - Upper mustang trek,Upper mustang trek,Adventure,1 hrs,11400,Spring,photography; relaxation,"A relaxing boating in Upper mustang trek, ideal for families."
A0200,Cooking Class - Illam,Illam,Photo Tour,3 hrs,8700,Winter,adventure; wildlife; local-experience,"A guided cooking class in Illam, ideal for families."
A0201,Cooking Class - Mangal Bazaar,Mangal Bazaar,Sightseeing,2 hrs,5600,Summer,culture; local-experience,"A thrilling cooking class in Mangal Bazaar, ideal for families."
A0202,Cycling - Sindhuli gadhi,Sindhuli gadhi,Photo Tour,5 hrs,8900,All Year,photography; food; heritage,"A relaxing cycling in Sindhuli gadhi, ideal for solo travelers."
A0203,Rafting - Poon Hill,Poon Hill,Photo Tour,4 hrs,12500,Summer,photography; culture,"A guided rafting in Poon Hill, ideal for couples."
A0204,Temple Visit - Baitadi,Baitadi,Wildlife,3 hrs,14800,Spring,heritage; relaxation; culture; food,"A thrilling temple visit in Baitadi, ideal for adventure seekers."
A0205,Rafting - Barhakune Daha (Baraha Chhetra),Barhakune Daha (Baraha Chhetra),Boat Ride,1 hrs,3100,Autumn,local-experience; adventure; trekking; food,"A thrilling rafting in Barhakune Daha (Baraha Chhetra), ideal for families."
A0206,Bird Watching - Arun Valley,Arun Valley,Cultural,2 hrs,1400,Winter,trekking; heritage,"A immersive bird watching in Arun Valley, ideal for couples."
A0207,Paragliding - Kumakh Hill,Kumakh Hill,Festival Tour,4 hrs,1500,Winter,wildlife; food; adventure,"A immersive paragliding in Kumakh Hill, ideal for couples."
A0208,Jungle Safari - Bhaktapur,Bhaktapur,Wildlife,1 hrs,3500,All Year,relaxation; wildlife,"A immersive jungle safari in Bhaktapur, ideal for families."
A0209,Cooking Class - Siraha,Siraha,Adventure,4 hrs,5300,Spring,photography; wildlife; adventure; offbeat,"A immersive cooking class in Siraha, ideal for couples."
A0210,Boating - Dhaulagiri of Nepal,Dhaulagiri of Nepal,Trekking,2 hrs,11500,Winter,food; culture; adventure,"A relaxing boating in Dhaulagiri of Nepal, ideal for solo travelers."
A0211,Bird Watching - Gangapurna Lake,Gangapurna Lake,Sightseeing,8 hrs,13900,Summer,relaxation; adventure,"A guided bird watching in Gangapurna Lake, ideal for couples."
A0212,Cycling - Baraha Lake and its mysterious Jalchara,Baraha Lake and its mysterious Jalchara,Photo Tour,1 hrs,11400,Autumn,relaxation; local-experience,"A thrilling cycling in Baraha Lake and its mysterious Jalchara, ideal for solo travelers."
A0213,"Rafting - Pathivara temple,taplejung","Pathivara temple,taplejung",Festival Tour,8 hrs,4200,Winter,food; heritage; culture; offbeat,"A relaxing rafting in Pathivara temple,taplejung, ideal for solo travelers."
A0214,Bird Watching - Todke,Todke,Adventure,2 hrs,7200,All Year,local-experience; heritage; adventure,"A guided bird watching in Todke, ideal for adventure seekers."
A0215,Cultural Tour - Jaleshwor Mini Waterfall,Jaleshwor Mini Waterfall,Sightseeing,1 hrs,2500,Summer,offbeat; relaxation; food,"A relaxing cultural tour in Jaleshwor Mini Waterfall, ideal for adventure seekers."
A0216,Cultural Tour - Himalchuli Mountain,Himalchuli Mountain,Workshop,6 hrs,14600,All Year,relaxation; culture,"A thrilling cultural tour in Himalchuli Mountain, ideal for solo travelers."
A0217,Cooking Class - Mahamanjushree Temple,Mahamanjushree Temple,Boat Ride,4 hrs,6300,All Year,photography; offbeat; relaxation; food,"A immersive cooking class in Mahamanjushree Temple, ideal for solo travelers."
A0218,Boating - Daman ,Daman ,Adventure,3 hrs,6300,Summer,photography; adventure; wildlife; offbeat,"A guided boating in Daman , ideal for families."
A0219,Rafting - Rolpa,Rolpa,Cultural,2 hrs,11500,All Year,heritage; food; culture; local-experience,"A thrilling rafting in Rolpa, ideal for couples."
A0220,Jungle Safari - Shailung Hills,Shailung Hills,Cultural,3 hrs,10600,All Year,food; wildlife; adventure,"A guided jungle safari in Shailung Hills, ideal for adventure seekers."
A0221,Cycling - Meghauli,Meghauli,Photo Tour,1 hrs,6600,Spring,photography; trekking; culture,"A immersive cycling in Meghauli, ideal for solo travelers."
A0222,Cycling - Bardiya,Bardiya,Trekking,3 hrs,1900,Winter,offbeat; trekking; adventure,"A guided cycling in Bardiya, ideal for families."
A0223,Zipline - Patan,Patan,Wildlife,5 hrs,13600,Autumn,trekking; wildlife; culture; relaxation,"A thrilling zipline in Patan, ideal for solo travelers."
A0224,Zipline - Janakpur,Janakpur,Festival Tour,8 hrs,6800,All Year,relaxation; trekking; adventure; photography,"A immersive zipline in Janakpur, ideal for couples."
A0225,"Temple Visit - Shiv Jhatta, Dharan","Shiv Jhatta, Dharan",Festival Tour,6 hrs,2300,Winter,food; relaxation; culture,"A guided temple visit in Shiv Jhatta, Dharan, ideal for couples."
A0226,Bird Watching - Surkhet,Surkhet,Festival Tour,8 hrs,2100,Autumn,relaxation; food,"A guided bird watching in Surkhet, ideal for adventure seekers."
A0227,Temple Visit - Langtang National Park,Langtang National Park,Trekking,2 hrs,9500,Spring,adventure; trekking; food; offbeat,"A relaxing temple visit in Langtang National Park, ideal for solo travelers."
A0228,Cooking Class - Dhading,Dhading,Relaxation,1 hrs,3400,Spring,food; adventure; photography,"A relaxing cooking class in Dhading, ideal for families."
A0229,Hiking - Deurali Cave,Deurali Cave,Cultural,3 hrs,2300,Winter,trekking; culture; heritage; food,"A guided hiking in Deurali Cave, ideal for families."
A0230,Paragliding - Sarangkot sunrise and paragliding,Sarangkot sunrise and paragliding,Boat Ride,1 hrs,10600,Winter,culture; wildlife; adventure; food,"A thrilling paragliding in Sarangkot sunrise and paragliding, ideal for adventure seekers."
A0231,Rafting - Upper mustang tiji festival trek,Upper mustang tiji festival trek,Workshop,4 hrs,2600,Spring,adventure; local-experience; offbeat; wildlife,"A guided rafting in Upper mustang tiji festival trek, ideal for families."
A0232,Temple Visit - Ram Mandir,Ram Mandir,Sightseeing,2 hrs,1200,Summer,heritage; food; culture,"A thrilling temple visit in Ram Mandir, ideal for couples."
A0233,Boating - Bhaktapur durbar square,Bhaktapur durbar square,Photo Tour,5 hrs,5900,Spring,adventure; culture,"A relaxing boating in Bhaktapur durbar square, ideal for solo travelers."
A0234,Bird Watching - Thakur Jiu temple   ,Thakur Jiu temple   ,Trekking,3 hrs,10000,Summer,offbeat; heritage; wildlife,"A relaxing bird watching in Thakur Jiu temple , ideal for families."
A0235,Cultural Tour - Panchadewal Hat,Panchadewal Hat,Boat Ride,3 hrs,12100,All Year,photography; relaxation; wildlife; culture,"A immersive cultural tour in Panchadewal Hat, ideal for adventure seekers."
A0236,Boating - Manimukunda Sen Uddhan (Fulbari),Manimukunda Sen Uddhan (Fulbari),Festival Tour,1 hrs,14200,All Year,wildlife; adventure; trekking; relaxation,"A thrilling boating in Manimukunda Sen Uddhan (Fulbari), ideal for couples."
A0237,"Hiking - Fulbari , Siraha","Fulbari , Siraha",Photo Tour,2 hrs,6100,Spring,trekking; heritage; local-experience,"A immersive hiking in Fulbari , Siraha, ideal for adventure seekers."
A0238,Cooking Class - Bhotekoshi,Bhotekoshi,Boat Ride,4 hrs,9400,Autumn,heritage; adventure,"A relaxing cooking class in Bhotekoshi, ideal for families."
A0239,Hiking - Karkineta( the source of Adhikhola River),Karkineta( the source of Adhikhola River),Sightseeing,6 hrs,6800,Summer,trekking; offbeat; heritage; photography,"A guided hiking in Karkineta( the source of Adhikhola River), ideal for solo travelers."
A0240,Cultural Tour - Amaltari Homestay,Amaltari Homestay,Adventure,8 hrs,1100,Winter,culture; photography,"A thrilling cultural tour in Amaltari Homestay, ideal for solo travelers."
A0241,Cycling - Kulekhani Dam,Kulekhani Dam,Relaxation,2 hrs,10200,Spring,trekking; offbeat,"A relaxing cycling in Kulekhani Dam, ideal for solo travelers."
A0242,Cultural Tour - Khaptad National Park,Khaptad National Park,Relaxation,3 hrs,7200,Autumn,adventure; wildlife,"A thrilling cultural tour in Khaptad National Park, ideal for families."
A0243,Cultural Tour - Maulipokhara,Maulipokhara,Trekking,4 hrs,3800,Winter,relaxation; heritage,"A immersive cultural tour in Maulipokhara, ideal for adventure seekers."
A0244,Cultural Tour - Ambikeshwari temple ,Ambikeshwari temple ,Trekking,5 hrs,12100,Spring,wildlife; offbeat,"A relaxing cultural tour in Ambikeshwari temple , ideal for couples."
A0245,Boating - Dhorpatan hunting reserve,Dhorpatan hunting reserve,Festival Tour,5 hrs,11900,Autumn,offbeat; trekking,"A immersive boating in Dhorpatan hunting reserve, ideal for solo travelers."
A0246,Hiking -  Kakani , Kakani ,Cultural,1 hrs,8100,Autumn,offbeat; heritage; trekking; photography,"A guided hiking in Kakani , ideal for families."
A0247,Bird Watching - Ismakot,Ismakot,Sightseeing,4 hrs,14000,Winter,local-experience; heritage; wildlife,"A immersive bird watching in Ismakot, ideal for couples."
A0248,Cycling - Parsa,Parsa,Boat Ride,3 hrs,11200,All Year,adventure; trekking; local-experience; culture,"A relaxing cycling in Parsa, ideal for couples."
A0249,Cooking Class - Kanakpatti Palace,Kanakpatti Palace,Festival Tour,4 hrs,10600,All Year,photography; relaxation,"A thrilling cooking class in Kanakpatti Palace, ideal for solo travelers."
A0250,Cooking Class - Nuwakot,Nuwakot,Boat Ride,4 hrs,14200,Winter,offbeat; adventure,"A immersive cooking class in Nuwakot, ideal for couples."
A0251,Cycling - Tamur river,Tamur river,Adventure,4 hrs,11400,Winter,photography; relaxation; food,"A relaxing cycling in Tamur river, ideal for couples."
A0252,Cooking Class - Bardiya,Bardiya,Festival Tour,6 hrs,2900,Winter,relaxation; local-experience,"A thrilling cooking class in Bardiya, ideal for adventure seekers."
A0253,"Jungle Safari - Dhorpatan, Baglung","Dhorpatan, Baglung",Sightseeing,1 hrs,2800,Winter,local-experience; trekking,"A relaxing jungle safari in Dhorpatan, Baglung, ideal for adventure seekers."
A0254,Cooking Class - Manang,Manang,Relaxation,6 hrs,8000,Autumn,offbeat; wildlife; relaxation; adventure,"A immersive cooking class in Manang, ideal for adventure seekers."
A0255,Temple Visit - Pattek hill,Pattek hill,Trekking,8 hrs,1300,Summer,local-experience; wildlife; food; culture,"A relaxing temple visit in Pattek hill, ideal for couples."
A0256,Bird Watching - Bardiya,Bardiya,Workshop,5 hrs,12900,Summer,culture; photography; trekking,"A guided bird watching in Bardiya, ideal for solo travelers."
A0257,"Cycling - Birgunj, Parsa","Birgunj, Parsa",Relaxation,8 hrs,1700,Winter,offbeat; wildlife,"A thrilling cycling in Birgunj, Parsa, ideal for couples."
A0258,Boating - Arun Valley,Arun Valley,Sightseeing,3 hrs,6700,Summer,food; local-experience; relaxation,"A thrilling boating in Arun Valley, ideal for families."
A0259,Cultural Tour - Swayambhunath temple,Swayambhunath temple,Festival Tour,3 hrs,11000,Summer,food; culture,"A guided cultural tour in Swayambhunath temple, ideal for solo travelers."
A0260,Jungle Safari - Darchula,Darchula,Festival Tour,3 hrs,12500,Winter,wildlife; culture,"A relaxing jungle safari in Darchula, ideal for families."
A0261,Zipline - Jiri,Jiri,Relaxation,4 hrs,1600,Autumn,culture; food,"A relaxing zipline in Jiri, ideal for solo travelers."
A0262,Rafting - Manimukunda Sen Uddhan (Fulbari),Manimukunda Sen Uddhan (Fulbari),Adventure,5 hrs,2700,Summer,photography; local-experience,"A relaxing rafting in Manimukunda Sen Uddhan (Fulbari), ideal for adventure seekers."
A0263,Temple Visit - Mechi bridge,Mechi bridge,Trekking,2 hrs,3800,Autumn,food; heritage; culture; trekking,"A relaxing temple visit in Mechi bridge, ideal for solo travelers."
A0264,Temple Visit - Kongde ri,Kongde ri,Boat Ride,8 hrs,13100,Autumn,offbeat; relaxation; trekking; local-experience,"A immersive temple visit in Kongde ri, ideal for solo travelers."
A0265,Cultural Tour - Nil Barahi Temple,Nil Barahi Temple,Boat Ride,4 hrs,2600,Summer,trekking; local-experience; photography; relaxation,"A guided cultural tour in Nil Barahi Temple, ideal for couples."
A0266,Paragliding - Shree Rameshowr Mahadev Temple,Shree Rameshowr Mahadev Temple,Photo Tour,6 hrs,3300,Winter,heritage; photography; relaxation; trekking,"A relaxing paragliding in Shree Rameshowr Mahadev Temple, ideal for couples."
A0267,Cultural Tour - Chimkeshowari Lek,Chimkeshowari Lek,Adventure,5 hrs,12000,Summer,wildlife; culture; food,"A relaxing cultural tour in Chimkeshowari Lek, ideal for solo travelers."
A0268,Rafting - The Toothache Tree(Vaisha Dev Shrine),The Toothache Tree(Vaisha Dev Shrine),Festival Tour,5 hrs,8400,Spring,trekking; heritage; food; local-experience,"A thrilling rafting in The Toothache Tree(Vaisha Dev Shrine), ideal for adventure seekers."
A0269,Jungle Safari - khumjung,khumjung,Festival Tour,5 hrs,9300,Summer,wildlife; relaxation; trekking,"A thrilling jungle safari in khumjung, ideal for couples."
A0270,Jungle Safari - Chhayanath Rara Area,Chhayanath Rara Area,Adventure,6 hrs,12800,Summer,food; trekking; offbeat,"A thrilling jungle safari in Chhayanath Rara Area, ideal for adventure seekers."
A0271,Cultural Tour - Kanchanjunga national park,Kanchanjunga national park,Boat Ride,3 hrs,12800,Summer,culture; offbeat; trekking,"A relaxing cultural tour in Kanchanjunga national park, ideal for couples."
A0272,Cultural Tour - Thalthapi Mai Bhagwati Temple,Thalthapi Mai Bhagwati Temple,Cultural,2 hrs,1400,All Year,wildlife; relaxation,"A guided cultural tour in Thalthapi Mai Bhagwati Temple, ideal for solo travelers."
A0273,"Rafting - Cave Exploration (Mahendra Cave, Bat Cave)","Cave Exploration (Mahendra Cave, Bat Cave)",Wildlife,8 hrs,1200,Winter,heritage; photography,"A relaxing rafting in Cave Exploration (Mahendra Cave, Bat Cave), ideal for families."
A0274,Bird Watching - Byas Gufa (Cave),Byas Gufa (Cave),Relaxation,2 hrs,12300,Spring,local-experience; culture; food; photography,"A guided bird watching in Byas Gufa (Cave), ideal for families."
A0275,Paragliding - Dofya Mahadev,Dofya Mahadev,Trekking,1 hrs,10600,Autumn,photography; trekking,"A thrilling paragliding in Dofya Mahadev, ideal for families."
A0276,Paragliding - Alamdevi,Alamdevi,Wildlife,1 hrs,9600,Autumn,culture; trekking; offbeat; food,"A relaxing paragliding in Alamdevi, ideal for families."
A0277,"Bird Watching - jhandi dada, Illam","jhandi dada, Illam",Cultural,1 hrs,9300,Winter,trekking; offbeat; food; local-experience,"A relaxing bird watching in jhandi dada, Illam, ideal for solo travelers."
A0278,Boating - Surmasarowar lake,Surmasarowar lake,Trekking,3 hrs,5400,Spring,photography; adventure; food,"A guided boating in Surmasarowar lake, ideal for solo travelers."
A0279,Rafting - Baraha Lake and its mysterious Jalchara,Baraha Lake and its mysterious Jalchara,Workshop,8 hrs,8100,All Year,adventure; culture; trekking,"A immersive rafting in Baraha Lake and its mysterious Jalchara, ideal for couples."
A0280,Bird Watching - Sankhu,Sankhu,Workshop,8 hrs,5300,Winter,offbeat; photography,"A relaxing bird watching in Sankhu, ideal for adventure seekers."
A0281,Rafting - Cycling Tours,Cycling Tours,Photo Tour,8 hrs,9100,Summer,photography; adventure,"A guided rafting in Cycling Tours, ideal for couples."
A0282,Rafting - Purkot,Purkot,Cultural,6 hrs,6900,All Year,adventure; trekking; offbeat; relaxation,"A immersive rafting in Purkot, ideal for solo travelers."
A0283,Hiking - Tikapur Park,Tikapur Park,Relaxation,5 hrs,3000,Spring,photography; heritage,"A relaxing hiking in Tikapur Park, ideal for solo travelers."
A0284,Hiking - Kathmandu,Kathmandu,Relaxation,6 hrs,1900,Autumn,offbeat; heritage; photography; culture,"A immersive hiking in Kathmandu, ideal for families."
A0285,Temple Visit - Supa Deurali,Supa Deurali,Trekking,6 hrs,8300,Spring,photography; offbeat,"A relaxing temple visit in Supa Deurali, ideal for families."
A0286,Hiking - Kailali,Kailali,Boat Ride,8 hrs,6600,All Year,local-experience; photography; wildlife,"A thrilling hiking in Kailali, ideal for families."
A0287,Jungle Safari - Charinge Daha- Ghorahi Dang,Charinge Daha- Ghorahi Dang,Wildlife,2 hrs,2300,Autumn,wildlife; culture,"A relaxing jungle safari in Charinge Daha- Ghorahi Dang, ideal for solo travelers."
A0288,"Jungle Safari - Ranipokhari, chitwan","Ranipokhari, chitwan",Workshop,4 hrs,12900,Winter,trekking; offbeat,"A relaxing jungle safari in Ranipokhari, chitwan, ideal for solo travelers."
A0289,Cooking Class - Amayangri Hill ,Amayangri Hill ,Workshop,5 hrs,12400,Autumn,heritage; culture; photography,"A guided cooking class in Amayangri Hill , ideal for solo travelers."
A0290,Cycling - Taplejung,Taplejung,Workshop,4 hrs,13900,All Year,food; wildlife; heritage; adventure,"A guided cycling in Taplejung, ideal for families."
A0291,Zipline - Shrinagar Hill,Shrinagar Hill,Relaxation,5 hrs,4900,All Year,wildlife; relaxation; food; trekking,"A guided zipline in Shrinagar Hill, ideal for adventure seekers."
A0292,Bird Watching - Kathmandu,Kathmandu,Wildlife,5 hrs,13300,Spring,wildlife; heritage; trekking,"A relaxing bird watching in Kathmandu, ideal for families."
A0293,Bird Watching - Rupandehi,Rupandehi,Workshop,6 hrs,10500,Summer,food; offbeat; photography,"A guided bird watching in Rupandehi, ideal for adventure seekers."
A0294,Zipline - Jungle Lodge / Tree House Stay,Jungle Lodge / Tree House Stay,Trekking,1 hrs,11400,Spring,food; wildlife,"A guided zipline in Jungle Lodge / Tree House Stay, ideal for adventure seekers."
A0295,Bird Watching - Pema Ts'al Sakya Monastic Institute,Pema Ts'al Sakya Monastic Institute,Trekking,6 hrs,13500,Winter,adventure; food; local-experience; photography,"A relaxing bird watching in Pema Ts'al Sakya Monastic Institute, ideal for couples."
A0296,Boating - Bhimsen Park ,Bhimsen Park ,Relaxation,6 hrs,1700,Autumn,offbeat; heritage; wildlife,"A relaxing boating in Bhimsen Park , ideal for solo travelers."
A0297,"Jungle Safari - Lungko Dewali(Lung,pyuthan)","Lungko Dewali(Lung,pyuthan)",Workshop,8 hrs,3300,Summer,offbeat; culture; trekking,"A relaxing jungle safari in Lungko Dewali(Lung,pyuthan), ideal for couples."
A0298,"Cooking Class - Gokyo lake, solukhumbu","Gokyo lake, solukhumbu",Photo Tour,5 hrs,14600,Summer,relaxation; food; culture; adventure,"A immersive cooking class in Gokyo lake, solukhumbu, ideal for solo travelers."
A0299,Hiking - Salyan,Salyan,Adventure,6 hrs,11100,Winter,wildlife; heritage,"A thrilling hiking in Salyan, ideal for families."
A0300,Bird Watching - Sindhuli gadhi,Sindhuli gadhi,Wildlife,4 hrs,8300,Summer,wildlife; photography,"A relaxing bird watching in Sindhuli gadhi, ideal for solo travelers."
A0301,Cultural Tour - Jajarkot,Jajarkot,Wildlife,5 hrs,3800,Summer,trekking; wildlife; offbeat; adventure,"A relaxing cultural tour in Jajarkot, ideal for adventure seekers."
A0302,Cycling - Sunkoshi,Sunkoshi,Workshop,6 hrs,3700,Autumn,relaxation; culture,"A thrilling cycling in Sunkoshi, ideal for adventure seekers."
A0303,Boating - Vimad,Vimad,Relaxation,1 hrs,7000,Summer,culture; adventure; local-experience,"A thrilling boating in Vimad, ideal for families."
A0304,Hiking - Shuklaphata National Park,Shuklaphata National Park,Sightseeing,5 hrs,1100,Summer,local-experience; relaxation; heritage; trekking,"A guided hiking in Shuklaphata National Park, ideal for adventure seekers."
A0305,Rafting - Bhairabsthan,Bhairabsthan,Sightseeing,3 hrs,9000,Autumn,food; offbeat; adventure,"A immersive rafting in Bhairabsthan, ideal for families."
A0306,Cycling - Shey Phoksundo National Park,Shey Phoksundo National Park,Festival Tour,8 hrs,11200,Autumn,offbeat; culture,"A immersive cycling in Shey Phoksundo National Park, ideal for solo travelers."
A0307,"Cycling - mugu (village, cycling, etc.)","mugu (village, cycling, etc.)",Adventure,5 hrs,13100,All Year,trekking; adventure; photography,"A immersive cycling in mugu (village, cycling, etc.), ideal for families."
A0308,Rafting - Dahare Neelkanth Mountain,Dahare Neelkanth Mountain,Workshop,4 hrs,6900,All Year,food; culture; photography,"A guided rafting in Dahare Neelkanth Mountain, ideal for families."
A0309,Cooking Class - Dolpo/Mustang,Dolpo/Mustang,Boat Ride,5 hrs,5900,Autumn,offbeat; local-experience; adventure; culture,"A thrilling cooking class in Dolpo/Mustang, ideal for adventure seekers."
A0310,Bird Watching - Jungad Jharna,Jungad Jharna,Trekking,8 hrs,12900,Autumn,culture; heritage; trekking,"A relaxing bird watching in Jungad Jharna, ideal for solo travelers."
A0311,Jungle Safari - Sauraha,Sauraha,Relaxation,1 hrs,12100,Spring,photography; food,"A relaxing jungle safari in Sauraha, ideal for adventure seekers."
A0312,Cycling - Dang,Dang,Trekking,6 hrs,4100,Autumn,heritage; culture; photography; food,"A thrilling cycling in Dang, ideal for adventure seekers."
A0313,Temple Visit - Narayanhiti Palace,Narayanhiti Palace,Relaxation,6 hrs,12100,Autumn,relaxation; culture,"A thrilling temple visit in Narayanhiti Palace, ideal for families."
A0314,Boating - Phoksundo lake,Phoksundo lake,Photo Tour,6 hrs,5800,Spring,photography; wildlife; offbeat; trekking,"A thrilling boating in Phoksundo lake, ideal for adventure seekers."
A0315,Zipline - Dolpa,Dolpa,Festival Tour,5 hrs,5800,Summer,photography; offbeat; wildlife,"A relaxing zipline in Dolpa, ideal for families."
A0316,Paragliding - Bhedetar & Namje Village,Bhedetar & Namje Village,Boat Ride,5 hrs,12700,Winter,relaxation; trekking,"A guided paragliding in Bhedetar & Namje Village, ideal for solo travelers."
A0317,Cooking Class - Itahari,Itahari,Relaxation,2 hrs,1800,All Year,relaxation; local-experience; culture,"A guided cooking class in Itahari, ideal for solo travelers."
A0318,Cooking Class - Parsa,Parsa,Adventure,6 hrs,10600,Spring,wildlife; trekking; local-experience,"A relaxing cooking class in Parsa, ideal for couples."
A0319,Cooking Class - Thamel,Thamel,Boat Ride,8 hrs,5000,Spring,food; photography; offbeat; local-experience,"A immersive cooking class in Thamel, ideal for couples."
A0320,Jungle Safari - Palpa-Rupandehi border,Palpa-Rupandehi border,Wildlife,5 hrs,8200,Winter,trekking; local-experience; food; adventure,"A immersive jungle safari in Palpa-Rupandehi border, ideal for families."
A0321,Cycling - Purandhara Waterfall,Purandhara Waterfall,Relaxation,6 hrs,5100,All Year,heritage; offbeat,"A relaxing cycling in Purandhara Waterfall, ideal for solo travelers."
A0322,Hiking - Kanakpatti Palace,Kanakpatti Palace,Workshop,6 hrs,1200,Winter,offbeat; culture; wildlife; trekking,"A relaxing hiking in Kanakpatti Palace, ideal for families."
A0323,Boating - Chadani bridge,Chadani bridge,Photo Tour,4 hrs,5500,Spring,local-experience; photography,"A guided boating in Chadani bridge, ideal for solo travelers."
A0324,Temple Visit - Mini mountain,Mini mountain,Relaxation,2 hrs,1800,Spring,food; heritage,"A relaxing temple visit in Mini mountain, ideal for couples."
A0325,Rafting - Mirmi Hydro dam,Mirmi Hydro dam,Adventure,6 hrs,3200,Summer,food; relaxation; heritage; wildlife,"A thrilling rafting in Mirmi Hydro dam, ideal for families."
A0326,Jungle Safari - Siddhartha Nagar,Siddhartha Nagar,Relaxation,4 hrs,14000,Autumn,offbeat; heritage,"A thrilling jungle safari in Siddhartha Nagar, ideal for solo travelers."
A0327,Cycling - Resunga,Resunga,Festival Tour,6 hrs,12100,Winter,wildlife; culture; photography; adventure,"A relaxing cycling in Resunga, ideal for couples."
A0328,Temple Visit - Rara Lake,Rara Lake,Trekking,5 hrs,14700,All Year,culture; local-experience; offbeat,"A thrilling temple visit in Rara Lake, ideal for solo travelers."
A0329,Cultural Tour - Sinja Valley,Sinja Valley,Photo Tour,1 hrs,12400,Winter,adventure; wildlife,"A relaxing cultural tour in Sinja Valley, ideal for solo travelers."
A0330,Bird Watching - Myagdi,Myagdi,Sightseeing,3 hrs,1800,Spring,local-experience; relaxation,"A relaxing bird watching in Myagdi, ideal for couples."
A0331,Paragliding - Langtang Valley,Langtang Valley,Photo Tour,2 hrs,8600,Spring,relaxation; local-experience; heritage; culture,"A guided paragliding in Langtang Valley, ideal for adventure seekers."
A0332,Boating - Kapurkot,Kapurkot,Trekking,5 hrs,14700,All Year,culture; adventure,"A thrilling boating in Kapurkot, ideal for solo travelers."
A0333,Cooking Class - Kalinchowk,Kalinchowk,Wildlife,8 hrs,6500,Autumn,local-experience; trekking; photography; wildlife,"A guided cooking class in Kalinchowk, ideal for families."
A0334,Cooking Class - Todke falls,Todke falls,Workshop,3 hrs,10700,Autumn,heritage; culture; relaxation,"A relaxing cooking class in Todke falls, ideal for solo travelers."
A0335,Rafting - Markhu ,Markhu ,Wildlife,6 hrs,7800,Autumn,photography; local-experience; wildlife; trekking,"A immersive rafting in Markhu , ideal for couples."
A0336,Paragliding - Namchebazaar,Namchebazaar,Festival Tour,5 hrs,7300,Spring,culture; local-experience; offbeat,"A guided paragliding in Namchebazaar, ideal for families."
A0337,Rafting - Dhading,Dhading,Adventure,1 hrs,10200,Winter,wildlife; trekking; relaxation,"A thrilling rafting in Dhading, ideal for couples."
A0338,Temple Visit - Dodhara Chadani Suspension Bridge,Dodhara Chadani Suspension Bridge,Sightseeing,1 hrs,4100,Autumn,relaxation; heritage; culture; offbeat,"A immersive temple visit in Dodhara Chadani Suspension Bridge, ideal for adventure seekers."
A0339,Jungle Safari - Satasidham,Satasidham,Boat Ride,1 hrs,5300,Winter,wildlife; photography; food,"A relaxing jungle safari in Satasidham, ideal for adventure seekers."
A0340,Rafting - Rolpa,Rolpa,Adventure,5 hrs,4900,Autumn,food; relaxation,"A immersive rafting in Rolpa, ideal for solo travelers."
A0341,Zipline - Tansen City,Tansen City,Relaxation,4 hrs,12700,Autumn,photography; heritage; relaxation,"A guided zipline in Tansen City, ideal for solo travelers."
A0342,Rafting - Mangal Bazaar,Mangal Bazaar,Cultural,8 hrs,3200,Winter,photography; culture; local-experience,"A relaxing rafting in Mangal Bazaar, ideal for families."
A0343,Zipline - Annapurna Conservation Area,Annapurna Conservation Area,Festival Tour,1 hrs,3100,Winter,heritage; adventure; food; photography,"A relaxing zipline in Annapurna Conservation Area, ideal for couples."
A0344,Bird Watching - Kakani Strawberry Village,Kakani Strawberry Village,Workshop,6 hrs,14600,Spring,adventure; trekking; offbeat,"A immersive bird watching in Kakani Strawberry Village, ideal for solo travelers."
A0345,Bird Watching - Jumla Bazar,Jumla Bazar,Wildlife,6 hrs,2000,All Year,wildlife; local-experience; trekking,"A thrilling bird watching in Jumla Bazar, ideal for adventure seekers."
A0346,Bird Watching - Chabahil Stupa,Chabahil Stupa,Cultural,3 hrs,2300,Summer,food; wildlife; photography,"A immersive bird watching in Chabahil Stupa, ideal for solo travelers."
A0347,Jungle Safari - Kanchenjunga,Kanchenjunga,Photo Tour,3 hrs,8600,Summer,relaxation; trekking; adventure,"A guided jungle safari in Kanchenjunga, ideal for solo travelers."
A0348,Rafting - Mangal Bazaar,Mangal Bazaar,Photo Tour,5 hrs,1900,Summer,heritage; adventure; photography; local-experience,"A guided rafting in Mangal Bazaar, ideal for adventure seekers."
A0349,Boating - Solududhkunda,Solududhkunda,Cultural,1 hrs,1100,Winter,wildlife; food; photography; adventure,"A guided boating in Solududhkunda, ideal for couples."
A0350,Jungle Safari - Jitgadi Fort,Jitgadi Fort,Wildlife,5 hrs,14100,Autumn,culture; heritage; adventure,"A immersive jungle safari in Jitgadi Fort, ideal for solo travelers."
A0351,Temple Visit - Ratna Sagar,Ratna Sagar,Cultural,3 hrs,8600,Winter,wildlife; local-experience; relaxation,"A guided temple visit in Ratna Sagar, ideal for couples."
A0352,Cultural Tour - Araurakot,Araurakot,Relaxation,3 hrs,12100,Spring,trekking; culture; offbeat,"A thrilling cultural tour in Araurakot, ideal for solo travelers."
A0353,Temple Visit - Bhedetar & Namje Village,Bhedetar & Namje Village,Relaxation,6 hrs,9400,Spring,trekking; heritage,"A thrilling temple visit in Bhedetar & Namje Village, ideal for couples."
A0354,Bird Watching - Mahashila,Mahashila,Cultural,4 hrs,4200,Winter,local-experience; food; wildlife,"A thrilling bird watching in Mahashila, ideal for families."
A0355,Cultural Tour -  Vata Mandir, Vata Mandir,Photo Tour,3 hrs,13800,Spring,trekking; adventure; photography; offbeat,"A thrilling cultural tour in Vata Mandir, ideal for couples."
A0356,Cooking Class - Dadeldhura,Dadeldhura,Trekking,3 hrs,13400,Spring,trekking; wildlife; local-experience,"A immersive cooking class in Dadeldhura, ideal for families."
A0357,Hiking - Jakhera tal,Jakhera tal,Trekking,6 hrs,11900,Autumn,culture; local-experience; wildlife,"A relaxing hiking in Jakhera tal, ideal for solo travelers."
A0358,Cultural Tour - Tilaurakot (Ancient Shakya Capital),Tilaurakot (Ancient Shakya Capital),Adventure,4 hrs,1900,Winter,wildlife; food,"A relaxing cultural tour in Tilaurakot (Ancient Shakya Capital), ideal for families."
A0359,Temple Visit - Thakurnath Mahadev,Thakurnath Mahadev,Boat Ride,4 hrs,14400,Winter,trekking; offbeat; photography; local-experience,"A thrilling temple visit in Thakurnath Mahadev, ideal for couples."
A0360,Paragliding - Mustang,Mustang,Trekking,3 hrs,3800,Winter,relaxation; photography; food,"A immersive paragliding in Mustang, ideal for families."
A0361,Paragliding - Paragliding Sites (Pokhara Valley),Paragliding Sites (Pokhara Valley),Relaxation,1 hrs,2300,Winter,relaxation; heritage,"A thrilling paragliding in Paragliding Sites (Pokhara Valley), ideal for couples."
A0362,Cooking Class - Kandadevi,Kandadevi,Festival Tour,4 hrs,10300,Winter,culture; offbeat; adventure,"A relaxing cooking class in Kandadevi, ideal for adventure seekers."
A0363,"Boating - Ramkot Danda,bajhang","Ramkot Danda,bajhang",Photo Tour,6 hrs,14500,All Year,trekking; relaxation; offbeat,"A guided boating in Ramkot Danda,bajhang, ideal for families."
A0364,Cultural Tour - Surmasarowar lake,Surmasarowar lake,Cultural,6 hrs,4000,Spring,trekking; offbeat; heritage; adventure,"A immersive cultural tour in Surmasarowar lake, ideal for adventure seekers."
A0365,Hiking - Purtighat,Purtighat,Festival Tour,5 hrs,4900,Spring,trekking; food,"A immersive hiking in Purtighat, ideal for adventure seekers."
A0366,Cycling - Dolakha,Dolakha,Festival Tour,6 hrs,4000,Summer,heritage; food,"A thrilling cycling in Dolakha, ideal for solo travelers."
A0367,Cooking Class - Sinja Valley,Sinja Valley,Trekking,6 hrs,4300,Winter,offbeat; adventure,"A guided cooking class in Sinja Valley, ideal for couples."
A0368,"Bird Watching - Urlabari, jhapa","Urlabari, jhapa",Workshop,8 hrs,14100,Spring,heritage; local-experience,"A guided bird watching in Urlabari, jhapa, ideal for couples."
A0369,Cooking Class - Cg Temple,Cg Temple,Photo Tour,2 hrs,5700,Spring,offbeat; trekking,"A thrilling cooking class in Cg Temple, ideal for couples."
A0370,Bird Watching - Gorkha,Gorkha,Wildlife,3 hrs,8700,Autumn,relaxation; local-experience; culture,"A relaxing bird watching in Gorkha, ideal for families."
A0371,Hiking - Jagadishpur,Jagadishpur,Trekking,3 hrs,2000,Autumn,wildlife; relaxation; adventure,"A relaxing hiking in Jagadishpur, ideal for families."
A0372,Rafting - Tilicho Lake,Tilicho Lake,Wildlife,3 hrs,10400,Winter,local-experience; relaxation,"A guided rafting in Tilicho Lake, ideal for adventure seekers."
A0373,Paragliding - Banke National Park,Banke National Park,Relaxation,6 hrs,1200,Winter,relaxation; wildlife,"A thrilling paragliding in Banke National Park, ideal for families."
A0374,Temple Visit - Indra sarovar lake,Indra sarovar lake,Relaxation,6 hrs,7500,All Year,trekking; heritage; offbeat; wildlife,"A relaxing temple visit in Indra sarovar lake, ideal for couples."
A0375,Cycling - Trishul Danda,Trishul Danda,Boat Ride,2 hrs,12100,Winter,heritage; culture,"A relaxing cycling in Trishul Danda, ideal for couples."
A0376,Cultural Tour - Kandadevi,Kandadevi,Wildlife,2 hrs,13500,Autumn,relaxation; adventure; offbeat; culture,"A guided cultural tour in Kandadevi, ideal for solo travelers."
A0377,Cultural Tour - Shiraichuli Hill,Shiraichuli Hill,Adventure,1 hrs,11900,Autumn,food; culture; wildlife,"A thrilling cultural tour in Shiraichuli Hill, ideal for couples."
A0378,Paragliding - Resunga,Resunga,Relaxation,1 hrs,1300,Spring,trekking; culture,"A relaxing paragliding in Resunga, ideal for families."
A0379,Jungle Safari - Rolpa,Rolpa,Photo Tour,5 hrs,9600,Spring,wildlife; heritage,"A guided jungle safari in Rolpa, ideal for solo travelers."
A0380,Boating - Sindhupalchowk,Sindhupalchowk,Festival Tour,4 hrs,4900,Autumn,local-experience; relaxation,"A thrilling boating in Sindhupalchowk, ideal for families."
A0381,Jungle Safari - Jajarkot durbar,Jajarkot durbar,Adventure,5 hrs,8500,Spring,food; wildlife; adventure; culture,"A relaxing jungle safari in Jajarkot durbar, ideal for couples."
A0382,Cultural Tour - Dolpo/Mustang,Dolpo/Mustang,Cultural,3 hrs,8300,Autumn,food; culture; heritage; local-experience,"A relaxing cultural tour in Dolpo/Mustang, ideal for families."
A0383,Boating - Chaudhary Hills,Chaudhary Hills,Wildlife,1 hrs,9500,Spring,culture; adventure; wildlife,"A guided boating in Chaudhary Hills, ideal for adventure seekers."
A0384,Cultural Tour - Mai Pokhari,Mai Pokhari,Relaxation,6 hrs,11800,Autumn,relaxation; offbeat; photography; adventure,"A guided cultural tour in Mai Pokhari, ideal for adventure seekers."
A0385,Jungle Safari - Chhahare Jharna,Chhahare Jharna,Boat Ride,8 hrs,1000,Autumn,wildlife; photography; offbeat; trekking,"A guided jungle safari in Chhahare Jharna, ideal for families."
A0386,"Zipline - Bhedetar, dhankuta","Bhedetar, dhankuta",Wildlife,4 hrs,8100,Autumn,photography; wildlife,"A guided zipline in Bhedetar, dhankuta, ideal for adventure seekers."
A0387,Cycling - Morang,Morang,Workshop,4 hrs,13300,Summer,photography; wildlife; trekking; heritage,"A guided cycling in Morang, ideal for couples."
A0388,Bird Watching - Vhairabsthan Temple,Vhairabsthan Temple,Festival Tour,8 hrs,6800,Summer,offbeat; food,"A relaxing bird watching in Vhairabsthan Temple, ideal for families."
A0389,Boating - Patan durbar square,Patan durbar square,Cultural,1 hrs,6200,Spring,local-experience; heritage; wildlife,"A thrilling boating in Patan durbar square, ideal for adventure seekers."
A0390,"Cultural Tour - Ramkot Danda,bajhang","Ramkot Danda,bajhang",Trekking,3 hrs,12700,Autumn,food; trekking; local-experience; offbeat,"A thrilling cultural tour in Ramkot Danda,bajhang, ideal for solo travelers."
A0391,Cultural Tour - Sworek Hill,Sworek Hill,Boat Ride,4 hrs,1600,Summer,adventure; culture; local-experience,"A relaxing cultural tour in Sworek Hill, ideal for families."
A0392,Boating - Panch Pokhari,Panch Pokhari,Wildlife,2 hrs,3000,Autumn,adventure; food,"A relaxing boating in Panch Pokhari, ideal for couples."
A0393,Bird Watching - Hari Shanker Temple,Hari Shanker Temple,Relaxation,6 hrs,8600,Summer,photography; heritage; adventure,"A thrilling bird watching in Hari Shanker Temple, ideal for solo travelers."
A0394,Rafting - Panchadewal Hat,Panchadewal Hat,Workshop,1 hrs,5400,All Year,adventure; food,"A guided rafting in Panchadewal Hat, ideal for adventure seekers."
A0395,Bird Watching - Shambhunath Temple,Shambhunath Temple,Festival Tour,3 hrs,6800,Summer,relaxation; culture,"A guided bird watching in Shambhunath Temple, ideal for solo travelers."
A0396,Temple Visit - Monastic Zone,Monastic Zone,Boat Ride,5 hrs,2400,Autumn,wildlife; local-experience; culture,"A guided temple visit in Monastic Zone, ideal for adventure seekers."
A0397,Rafting - Jaleshwor Mini Waterfall,Jaleshwor Mini Waterfall,Trekking,4 hrs,10700,Autumn,photography; food,"A immersive rafting in Jaleshwor Mini Waterfall, ideal for families."
A0398,Jungle Safari - Askot Sanctuary,Askot Sanctuary,Festival Tour,3 hrs,9500,Spring,relaxation; wildlife,"A thrilling jungle safari in Askot Sanctuary, ideal for families."
A0399,Zipline - Monastic Zone,Monastic Zone,Cultural,1 hrs,8900,Autumn,trekking; adventure; offbeat; wildlife,"A thrilling zipline in Monastic Zone, ideal for couples."
A0400,Paragliding - Himalchuli Mountain,Himalchuli Mountain,Workshop,3 hrs,3300,Winter,photography; relaxation,"A relaxing paragliding in Himalchuli Mountain, ideal for adventure seekers."
A0401,Boating - Palpa-Rupandehi border,Palpa-Rupandehi border,Adventure,2 hrs,3400,Winter,local-experience; culture; wildlife,"A guided boating in Palpa-Rupandehi border, ideal for couples."
A0402,Paragliding - Sari Lake,Sari Lake,Trekking,3 hrs,5100,Autumn,heritage; culture; local-experience; photography,"A relaxing paragliding in Sari Lake, ideal for solo travelers."
A0403,Bird Watching - Mugu,Mugu,Sightseeing,5 hrs,14300,Winter,wildlife; photography; relaxation,"A guided bird watching in Mugu, ideal for families."
A0404,Temple Visit - Shivgunj,Shivgunj,Adventure,2 hrs,6300,All Year,culture; wildlife; heritage; adventure,"A relaxing temple visit in Shivgunj, ideal for adventure seekers."
A0405,"Jungle Safari - Temke danda, bhojpur","Temke danda, bhojpur",Cultural,4 hrs,3400,Summer,wildlife; relaxation; offbeat,"A immersive jungle safari in Temke danda, bhojpur, ideal for adventure seekers."
A0406,Jungle Safari - Rambha Devi,Rambha Devi,Wildlife,1 hrs,5500,Summer,heritage; relaxation; offbeat,"A thrilling jungle safari in Rambha Devi, ideal for couples."
A0407,Boating - Mahamritunjaya Statue,Mahamritunjaya Statue,Sightseeing,8 hrs,8300,Summer,offbeat; wildlife; heritage,"A immersive boating in Mahamritunjaya Statue, ideal for adventure seekers."
A0408,Rafting - Chundi Ramgha,Chundi Ramgha,Festival Tour,4 hrs,13900,Summer,adventure; offbeat; trekking,"A thrilling rafting in Chundi Ramgha, ideal for solo travelers."
A0409,Cooking Class - Khodardevi Cave,Khodardevi Cave,Boat Ride,4 hrs,5000,All Year,culture; trekking; food,"A thrilling cooking class in Khodardevi Cave, ideal for adventure seekers."
A0410,Cycling - Bageshwori Temple,Bageshwori Temple,Cultural,6 hrs,14600,Summer,culture; wildlife,"A guided cycling in Bageshwori Temple, ideal for couples."
A0411,Temple Visit - Upper Dolpo to Mustang trek,Upper Dolpo to Mustang trek,Boat Ride,3 hrs,2600,Winter,offbeat; heritage; trekking,"A thrilling temple visit in Upper Dolpo to Mustang trek, ideal for adventure seekers."
A0412,Paragliding - Bajura,Bajura,Photo Tour,5 hrs,4900,Summer,trekking; photography,"A thrilling paragliding in Bajura, ideal for couples."
A0413,Boating - Dolpa,Dolpa,Adventure,8 hrs,12000,Summer,adventure; trekking,"A guided boating in Dolpa, ideal for adventure seekers."
A0414,"Rafting - Gokyo lake, solukhumbu","Gokyo lake, solukhumbu",Cultural,2 hrs,3100,Autumn,relaxation; food,"A immersive rafting in Gokyo lake, solukhumbu, ideal for couples."
A0415,Bird Watching - Pyuthan,Pyuthan,Sightseeing,2 hrs,7600,Autumn,culture; food,"A immersive bird watching in Pyuthan, ideal for solo travelers."
A0416,Boating - saipal base camp,saipal base camp,Photo Tour,4 hrs,13300,Summer,wildlife; food; photography; heritage,"A guided boating in saipal base camp, ideal for families."
A0417,Zipline - Barhakune Daha (Baraha Chhetra),Barhakune Daha (Baraha Chhetra),Wildlife,2 hrs,2900,All Year,wildlife; photography; local-experience; adventure,"A guided zipline in Barhakune Daha (Baraha Chhetra), ideal for solo travelers."
A0418,Boating - Mul Dhoka,Mul Dhoka,Boat Ride,1 hrs,11400,Winter,adventure; heritage; wildlife; photography,"A thrilling boating in Mul Dhoka, ideal for families."
A0419,Hiking - Kanakpatti Palace,Kanakpatti Palace,Trekking,4 hrs,14900,Autumn,food; trekking; photography; culture,"A thrilling hiking in Kanakpatti Palace, ideal for adventure seekers."
A0420,Paragliding - Hyatrung waterfall,Hyatrung waterfall,Workshop,3 hrs,8800,All Year,heritage; offbeat,"A guided paragliding in Hyatrung waterfall, ideal for adventure seekers."
A0421,Bird Watching - Tadapani,Tadapani,Workshop,4 hrs,14300,Winter,wildlife; heritage,"A immersive bird watching in Tadapani, ideal for solo travelers."
A0422,Zipline - Mustang/Myagdi,Mustang/Myagdi,Photo Tour,2 hrs,14800,Summer,relaxation; food; offbeat,"A thrilling zipline in Mustang/Myagdi, ideal for families."
A0423,Jungle Safari - Askot Sanctuary,Askot Sanctuary,Boat Ride,6 hrs,1400,All Year,culture; heritage; offbeat,"A thrilling jungle safari in Askot Sanctuary, ideal for adventure seekers."
A0424,Hiking - Ajaymerukot Durbar,Ajaymerukot Durbar,Cultural,2 hrs,12600,All Year,culture; trekking; heritage,"A immersive hiking in Ajaymerukot Durbar, ideal for couples."
A0425,Rafting - Tso Lamgyok,Tso Lamgyok,Relaxation,6 hrs,11100,Spring,trekking; local-experience; relaxation,"A immersive rafting in Tso Lamgyok, ideal for adventure seekers."
A0426,Rafting - Pachal waterfall,Pachal waterfall,Wildlife,2 hrs,1100,Summer,adventure; offbeat,"A immersive rafting in Pachal waterfall, ideal for adventure seekers."
A0427,"Cultural Tour - Kunde, Nepal","Kunde, Nepal",Adventure,5 hrs,12000,Autumn,food; trekking; offbeat; heritage,"A guided cultural tour in Kunde, Nepal, ideal for solo travelers."
A0428,Temple Visit - Begnas Lake,Begnas Lake,Trekking,6 hrs,5400,Summer,local-experience; wildlife; food,"A thrilling temple visit in Begnas Lake, ideal for solo travelers."
A0429,Jungle Safari - Poon Hill,Poon Hill,Cultural,6 hrs,11000,Winter,wildlife; photography; trekking; adventure,"A thrilling jungle safari in Poon Hill, ideal for couples."
A0430,Rafting - Simsuwa Waterfall,Simsuwa Waterfall,Wildlife,8 hrs,4900,Spring,local-experience; culture; food; adventure,"A guided rafting in Simsuwa Waterfall, ideal for adventure seekers."
A0431,Hiking - Khaptad Trek (via Doti Entry),Khaptad Trek (via Doti Entry),Workshop,6 hrs,6600,Winter,local-experience; trekking,"A immersive hiking in Khaptad Trek (via Doti Entry), ideal for families."
A0432,Jungle Safari - Ninglasaini Bhagwati,Ninglasaini Bhagwati,Photo Tour,2 hrs,1500,All Year,culture; heritage,"A thrilling jungle safari in Ninglasaini Bhagwati, ideal for families."
A0433,Cooking Class - Kalinchowk,Kalinchowk,Trekking,3 hrs,5600,Spring,heritage; photography,"A guided cooking class in Kalinchowk, ideal for families."
A0434,Paragliding - Namje village,Namje village,Sightseeing,4 hrs,2800,Summer,culture; trekking; food; local-experience,"A guided paragliding in Namje village, ideal for solo travelers."
A0435,Cooking Class - Singa La Pass Trek,Singa La Pass Trek,Sightseeing,1 hrs,5500,All Year,offbeat; adventure; culture; wildlife,"A guided cooking class in Singa La Pass Trek, ideal for families."
A0436,Bird Watching - Rukumkot,Rukumkot,Festival Tour,6 hrs,7500,Spring,offbeat; adventure,"A thrilling bird watching in Rukumkot, ideal for solo travelers."
A0437,Boating - Jorsale,Jorsale,Wildlife,1 hrs,6500,Spring,wildlife; trekking; culture,"A immersive boating in Jorsale, ideal for adventure seekers."
A0438,Hiking - Khangchendzonga national park,Khangchendzonga national park,Festival Tour,1 hrs,9900,All Year,relaxation; heritage; local-experience; trekking,"A guided hiking in Khangchendzonga national park, ideal for solo travelers."
A0439,Cultural Tour - Manang,Manang,Wildlife,2 hrs,8100,Summer,offbeat; relaxation,"A relaxing cultural tour in Manang, ideal for couples."
A0440,Cycling - Sanga,Sanga,Photo Tour,4 hrs,7900,Winter,culture; food; local-experience; offbeat,"A immersive cycling in Sanga, ideal for adventure seekers."
A0441,Jungle Safari - Chaaya Kshetra,Chaaya Kshetra,Festival Tour,4 hrs,5200,Spring,relaxation; food; offbeat; heritage,"A immersive jungle safari in Chaaya Kshetra, ideal for couples."
A0442,Jungle Safari - Bhulbhule,Bhulbhule,Cultural,2 hrs,9200,Summer,photography; trekking,"A relaxing jungle safari in Bhulbhule, ideal for adventure seekers."
A0443,Cultural Tour - Illam,Illam,Sightseeing,8 hrs,9000,Spring,photography; adventure,"A relaxing cultural tour in Illam, ideal for couples."
A0444,Boating - Pakhribas,Pakhribas,Cultural,2 hrs,2600,Summer,offbeat; trekking; local-experience,"A immersive boating in Pakhribas, ideal for families."
A0445,Rafting - Gulmi,Gulmi,Boat Ride,4 hrs,12100,Winter,trekking; offbeat; adventure,"A guided rafting in Gulmi, ideal for families."
A0446,Temple Visit - Ninglasaini Bhagwati,Ninglasaini Bhagwati,Photo Tour,1 hrs,4100,Summer,offbeat; photography,"A guided temple visit in Ninglasaini Bhagwati, ideal for solo travelers."
A0447,Paragliding - Gotihawa,Gotihawa,Wildlife,3 hrs,1400,All Year,heritage; relaxation,"A guided paragliding in Gotihawa, ideal for families."
A0448,Bird Watching - Jagadishpur,Jagadishpur,Workshop,1 hrs,9600,Spring,heritage; culture,"A immersive bird watching in Jagadishpur, ideal for adventure seekers."
A0449,Boating - Makwanpur,Makwanpur,Relaxation,4 hrs,3000,All Year,heritage; adventure; food,"A guided boating in Makwanpur, ideal for couples."
A0450,Jungle Safari - Jungle Lodge / Tree House Stay,Jungle Lodge / Tree House Stay,Adventure,8 hrs,10500,All Year,adventure; trekking,"A thrilling jungle safari in Jungle Lodge / Tree House Stay, ideal for solo travelers."
A0451,Boating - Khodardevi Cave,Khodardevi Cave,Sightseeing,8 hrs,12100,Autumn,culture; trekking,"A thrilling boating in Khodardevi Cave, ideal for families."
A0452,Paragliding - Janakpur,Janakpur,Photo Tour,1 hrs,2200,Winter,relaxation; photography,"A guided paragliding in Janakpur, ideal for adventure seekers."
A0453,Cultural Tour - Chitwan national park,Chitwan national park,Photo Tour,5 hrs,12700,Spring,photography; wildlife,"A guided cultural tour in Chitwan national park, ideal for couples."
A0454,Jungle Safari - Ghandruk Village,Ghandruk Village,Boat Ride,5 hrs,14500,Autumn,heritage; offbeat; relaxation; wildlife,"A relaxing jungle safari in Ghandruk Village, ideal for families."
A0455,Cooking Class - Ugratara Temple,Ugratara Temple,Boat Ride,6 hrs,3100,Winter,trekking; offbeat; culture; adventure,"A thrilling cooking class in Ugratara Temple, ideal for solo travelers."
A0456,Rafting - Rupandehi,Rupandehi,Sightseeing,2 hrs,12900,Summer,heritage; culture,"A relaxing rafting in Rupandehi, ideal for adventure seekers."
A0457,Cycling - Sirubari,Sirubari,Sightseeing,6 hrs,4900,All Year,wildlife; trekking,"A guided cycling in Sirubari, ideal for couples."
A0458,Bird Watching - Kakre Bihar,Kakre Bihar,Wildlife,2 hrs,11200,Autumn,relaxation; food,"A immersive bird watching in Kakre Bihar, ideal for families."
A0459,Cycling - Panch Pokhari,Panch Pokhari,Relaxation,1 hrs,3800,Autumn,heritage; wildlife,"A thrilling cycling in Panch Pokhari, ideal for couples."
A0460,Bird Watching - Jumla Bazar,Jumla Bazar,Sightseeing,4 hrs,10000,Winter,local-experience; culture,"A guided bird watching in Jumla Bazar, ideal for solo travelers."
A0461,Temple Visit - Chainpur,Chainpur,Sightseeing,5 hrs,12000,All Year,adventure; heritage; relaxation,"A thrilling temple visit in Chainpur, ideal for families."
A0462,Temple Visit - Devisthan Temple,Devisthan Temple,Photo Tour,6 hrs,11800,Autumn,trekking; food; wildlife,"A immersive temple visit in Devisthan Temple, ideal for couples."
A0463,Temple Visit - Elephant Safari,Elephant Safari,Adventure,1 hrs,2200,Autumn,trekking; culture,"A thrilling temple visit in Elephant Safari, ideal for adventure seekers."
A0464,Jungle Safari - Ama dablam,Ama dablam,Workshop,5 hrs,3500,Winter,offbeat; food,"A guided jungle safari in Ama dablam, ideal for families."
A0465,Cooking Class - Jeep Safari,Jeep Safari,Photo Tour,4 hrs,6200,Autumn,photography; relaxation,"A immersive cooking class in Jeep Safari, ideal for families."
A0466,Cultural Tour - Tamang heritage and Langtang Valley,Tamang heritage and Langtang Valley,Cultural,5 hrs,13200,Winter,trekking; wildlife; photography; heritage,"A relaxing cultural tour in Tamang heritage and Langtang Valley, ideal for solo travelers."
A0467,Cycling - Latarambeshwor,Latarambeshwor,Relaxation,2 hrs,1300,Summer,photography; adventure; wildlife,"A thrilling cycling in Latarambeshwor, ideal for solo travelers."
A0468,Paragliding - Dhampus,Dhampus,Cultural,5 hrs,10000,Summer,adventure; heritage; trekking; local-experience,"A thrilling paragliding in Dhampus, ideal for families."
A0469,Rafting - Asan Tole,Asan Tole,Relaxation,3 hrs,6800,All Year,wildlife; offbeat; culture; adventure,"A immersive rafting in Asan Tole, ideal for couples."
A0470,Boating - Namje village,Namje village,Sightseeing,5 hrs,7500,Summer,photography; heritage; adventure,"A immersive boating in Namje village, ideal for adventure seekers."
A0471,"Rafting - Sunsari, Saptari, Udayapur","Sunsari, Saptari, Udayapur",Workshop,8 hrs,13300,Spring,local-experience; adventure; wildlife,"A relaxing rafting in Sunsari, Saptari, Udayapur, ideal for solo travelers."
A0472,Cycling - Ranikot,Ranikot,Cultural,1 hrs,7200,All Year,food; photography; trekking; local-experience,"A relaxing cycling in Ranikot, ideal for couples."
A0473,Jungle Safari - Karkineta( the source of Adhikhola River),Karkineta( the source of Adhikhola River),Workshop,3 hrs,14900,Summer,wildlife; relaxation; photography; offbeat,"A guided jungle safari in Karkineta( the source of Adhikhola River), ideal for adventure seekers."
A0474,"Hiking - Bhamarkot, Maate, Jaljala, Hampal (Kalanzar) Mountains","Bhamarkot, Maate, Jaljala, Hampal (Kalanzar) Mountains",Sightseeing,1 hrs,14300,Winter,culture; food; heritage; relaxation,"A immersive hiking in Bhamarkot, Maate, Jaljala, Hampal (Kalanzar) Mountains, ideal for families."
A0475,Cycling - Dakshinkali,Dakshinkali,Festival Tour,6 hrs,4700,Summer,wildlife; local-experience; relaxation; heritage,"A relaxing cycling in Dakshinkali, ideal for adventure seekers."
A0476,Cooking Class - Jajarkot,Jajarkot,Photo Tour,1 hrs,8500,Spring,adventure; trekking; relaxation,"A thrilling cooking class in Jajarkot, ideal for families."
A0477,Cooking Class - Mahashila,Mahashila,Sightseeing,1 hrs,12000,Winter,adventure; offbeat; relaxation; culture,"A immersive cooking class in Mahashila, ideal for solo travelers."
A0478,Cooking Class - Budinanda region,Budinanda region,Boat Ride,2 hrs,6000,Summer,culture; relaxation; trekking; adventure,"A immersive cooking class in Budinanda region, ideal for solo travelers."
A0479,Rafting - Tansen City,Tansen City,Photo Tour,4 hrs,11800,Summer,relaxation; offbeat,"A immersive rafting in Tansen City, ideal for solo travelers."
A0480,Temple Visit - Guhyeshwari temple,Guhyeshwari temple,Wildlife,6 hrs,9200,All Year,trekking; relaxation,"A guided temple visit in Guhyeshwari temple, ideal for solo travelers."
A0481,Cooking Class - Kavre ,Kavre ,Workshop,1 hrs,8600,All Year,heritage; local-experience; wildlife; trekking,"A thrilling cooking class in Kavre , ideal for solo travelers."
A0482,Cycling - Syangja,Syangja,Boat Ride,6 hrs,9000,All Year,photography; heritage; offbeat; trekking,"A guided cycling in Syangja, ideal for couples."
A0483,Paragliding - Khaptad National Park (West Entry),Khaptad National Park (West Entry),Trekking,5 hrs,1600,Summer,wildlife; relaxation,"A immersive paragliding in Khaptad National Park (West Entry), ideal for solo travelers."
A0484,Bird Watching - Kakre Bihar,Kakre Bihar,Boat Ride,5 hrs,8500,Spring,wildlife; food; adventure,"A guided bird watching in Kakre Bihar, ideal for families."
A0485,Paragliding - Nuwakot,Nuwakot,Sightseeing,3 hrs,3700,Winter,culture; relaxation; heritage; photography,"A thrilling paragliding in Nuwakot, ideal for families."
A0486,Rafting - Tasi Gumba,Tasi Gumba,Trekking,5 hrs,2300,Autumn,wildlife; local-experience; heritage; culture,"A relaxing rafting in Tasi Gumba, ideal for adventure seekers."
A0487,Cooking Class - Vivah Mandap,Vivah Mandap,Wildlife,6 hrs,1100,Summer,trekking; culture; local-experience; adventure,"A thrilling cooking class in Vivah Mandap, ideal for families."
A0488,Hiking - Kalika Bhagwati Temple,Kalika Bhagwati Temple,Relaxation,1 hrs,13100,Spring,heritage; food; adventure; offbeat,"A guided hiking in Kalika Bhagwati Temple, ideal for couples."
A0489,Hiking - Makalu barun national park,Makalu barun national park,Adventure,8 hrs,14900,Winter,heritage; culture; food; local-experience,"A relaxing hiking in Makalu barun national park, ideal for solo travelers."
A0490,Hiking - Langtang Valley,Langtang Valley,Relaxation,2 hrs,14000,All Year,heritage; offbeat,"A immersive hiking in Langtang Valley, ideal for families."
A0491,Cycling - Narayan ashram,Narayan ashram,Workshop,3 hrs,8000,Summer,culture; heritage; food,"A relaxing cycling in Narayan ashram, ideal for families."
A0492,Cycling - Api-Nampa Conservation Area,Api-Nampa Conservation Area,Sightseeing,1 hrs,10900,Spring,relaxation; adventure; heritage; local-experience,"A relaxing cycling in Api-Nampa Conservation Area, ideal for couples."
A0493,Cooking Class - Gahawa Mai Temple,Gahawa Mai Temple,Festival Tour,1 hrs,5000,Winter,local-experience; trekking; photography; heritage,"A guided cooking class in Gahawa Mai Temple, ideal for families."
A0494,Rafting - Biratpokhar,Biratpokhar,Relaxation,2 hrs,10000,All Year,heritage; wildlife; relaxation,"A guided rafting in Biratpokhar, ideal for families."
A0495,Cycling - Dattatraya and pottery Square,Dattatraya and pottery Square,Sightseeing,4 hrs,13000,All Year,wildlife; local-experience; relaxation; culture,"A immersive cycling in Dattatraya and pottery Square, ideal for couples."
A0496,Paragliding - Kanchanpur,Kanchanpur,Boat Ride,1 hrs,5000,Autumn,culture; heritage,"A immersive paragliding in Kanchanpur, ideal for solo travelers."
A0497,Jungle Safari - Chitlang VDC and Stupa of Chaitya Lhown(Ashoka Era),Chitlang VDC and Stupa of Chaitya Lhown(Ashoka Era),Cultural,2 hrs,10800,Summer,adventure; relaxation,"A thrilling jungle safari in Chitlang VDC and Stupa of Chaitya Lhown(Ashoka Era), ideal for families."
A0498,Boating - Mathuradada,Mathuradada,Wildlife,5 hrs,1700,Autumn,culture; heritage; food,"A relaxing boating in Mathuradada, ideal for solo travelers."
A0499,"Cycling - Gokyo lake, solukhumbu","Gokyo lake, solukhumbu",Festival Tour,4 hrs,8300,Autumn,wildlife; food,"A relaxing cycling in Gokyo lake, solukhumbu, ideal for families."
A0500,Paragliding - Sarlahi,Sarlahi,Sightseeing,6 hrs,3400,Autumn,wildlife; adventure,"A guided paragliding in Sarlahi, ideal for families."
